filename,filename.short,distance.m,WP?,Test.tone,Trial,Threshold,True.azimuth,localised?,Start.time,Predicted.azimuth,Aliaized.Azimuth,error
localized_1m_wN_Bird_t01.wav,localized_1m_wN_Bird_t01.wav,1,n,wren,field,26.5,30,s,2.7,25,na,-5
localized_1m_wN_Bird_t01.wav,localized_1m_wN_Bird_t01.wav,1,n,wren,field,26.5,30,y,14.1,30,na,0
localized_1m_wN_Bird_t01.wav,localized_1m_wN_Bird_t01.wav,1,n,wren,field,26.5,120,y,27.1,115,na,-5
localized_1m_wN_Bird_t01.wav,localized_1m_wN_Bird_t01.wav,1,n,wren,field,26.5,165,y,42.1,160,na,-5
localized_1m_wN_Bird_t01.wav,localized_1m_wN_Bird_t01.wav,1,n,wren,field,26.5,-150,y,57.1,-150,na,0
localized_1m_wN_Bird_t01.wav,localized_1m_wN_Bird_t01.wav,1,n,wren,field,26.5,-60,y,72.1,-60,na,0
localized_1m_wN_Bird_t02.wav,localized_1m_wN_Bird_t02.wav,1,n,wren,field,26.5,30,s,2.7,30,na,0
localized_1m_wN_Bird_t02.wav,localized_1m_wN_Bird_t02.wav,1,n,wren,field,26.5,30,y,14.1,30,na,0
localized_1m_wN_Bird_t02.wav,localized_1m_wN_Bird_t02.wav,1,n,wren,field,26.5,120,y,27.3,115,na,-5
localized_1m_wN_Bird_t02.wav,localized_1m_wN_Bird_t02.wav,1,n,wren,field,26.5,165,y,41.9,160,na,-5
localized_1m_wN_Bird_t02.wav,localized_1m_wN_Bird_t02.wav,1,n,wren,field,26.5,-150,y,56.9,-155,na,-5
localized_1m_wN_Bird_t02.wav,localized_1m_wN_Bird_t02.wav,1,n,wren,field,26.5,-60,y,71.5,-60,na,0
localized_1m_wN_Pink_t01.wav,localized_1m_wN_Pink_t01.wav,1,n,pink,field,26.5,30,s,3.9,25,na,-5
localized_1m_wN_Pink_t01.wav,localized_1m_wN_Pink_t01.wav,1,n,pink,field,26.5,30,y,14.5,30,na,0
localized_1m_wN_Pink_t01.wav,localized_1m_wN_Pink_t01.wav,1,n,pink,field,26.5,120,y,29.5,120,na,0
localized_1m_wN_Pink_t01.wav,localized_1m_wN_Pink_t01.wav,1,n,pink,field,26.5,165,y,44.5,165,na,0
localized_1m_wN_Pink_t01.wav,localized_1m_wN_Pink_t01.wav,1,n,pink,field,26.5,-150,y,59.5,-150,na,0
localized_1m_wN_Pink_t01.wav,localized_1m_wN_Pink_t01.wav,1,n,pink,field,26.5,-60,y,74.5,-60,na,0
localized_1m_wN_Pink_t02.wav,localized_1m_wN_Pink_t02.wav,1,n,pink,field,26.5,30,s,3.5,35,na,5
localized_1m_wN_Pink_t02.wav,localized_1m_wN_Pink_t02.wav,1,n,pink,field,26.5,30,y,14.9,30,na,0
localized_1m_wN_Pink_t02.wav,localized_1m_wN_Pink_t02.wav,1,n,pink,field,26.5,120,y,29.9,115,na,-5
localized_1m_wN_Pink_t02.wav,localized_1m_wN_Pink_t02.wav,1,n,pink,field,26.5,165,y,44.7,160,na,-5
localized_1m_wN_Pink_t02.wav,localized_1m_wN_Pink_t02.wav,1,n,pink,field,26.5,-150,y,59.7,-155,na,-5
localized_1m_wN_Pink_t02.wav,localized_1m_wN_Pink_t02.wav,1,n,pink,field,26.5,-60,y,74.5,-60,na,0
localized_1m_wY_Bird_t01.wav,localized_1m_wY_Bird_t01.wav,1,y,wren,field,26.5,30,s,6.3,30,na,0
localized_1m_wY_Bird_t01.wav,localized_1m_wY_Bird_t01.wav,1,y,wren,field,26.5,30,y,15.1,30,na,0
localized_1m_wY_Bird_t01.wav,localized_1m_wY_Bird_t01.wav,1,y,wren,field,26.5,120,y,28.3,120,na,0
localized_1m_wY_Bird_t01.wav,localized_1m_wY_Bird_t01.wav,1,y,wren,field,26.5,165,y-d,43.1,165,80,0
localized_1m_wY_Bird_t01.wav,localized_1m_wY_Bird_t01.wav,1,y,wren,field,26.5,-150,y,58.3,-150,na,0
localized_1m_wY_Bird_t01.wav,localized_1m_wY_Bird_t01.wav,1,y,wren,field,26.5,-60,y,73.3,-60,na,0
localized_1m_wY_Bird_t02-PARTIAL.wav,localized_1m_wY_Bird_t02-PARTIAL.wav,1,y,wren,field,26.5,30,s,7.1,30,na,0
localized_1m_wY_Bird_t02-PARTIAL.wav,localized_1m_wY_Bird_t02-PARTIAL.wav,1,y,wren,field,26.5,30,y,16.1,30,na,0
localized_1m_wY_Bird_t02-PARTIAL.wav,localized_1m_wY_Bird_t02-PARTIAL.wav,1,y,wren,field,26.5,120,y,29.3,120,na,0
localized_1m_wY_Pink_t01.wav,localized_1m_wY_Pink_t01.wav,1,y,pink,field,26.5,30,s,7.3,30,na,0
localized_1m_wY_Pink_t01.wav,localized_1m_wY_Pink_t01.wav,1,y,pink,field,26.5,30,y,15.9,30,na,0
localized_1m_wY_Pink_t01.wav,localized_1m_wY_Pink_t01.wav,1,y,pink,field,26.5,120,y,30.9,120,na,0
localized_1m_wY_Pink_t01.wav,localized_1m_wY_Pink_t01.wav,1,y,pink,field,26.5,165,y,45.9,165,na,0
localized_1m_wY_Pink_t01.wav,localized_1m_wY_Pink_t01.wav,1,y,pink,field,26.5,-150,y,60.9,-150,na,0
localized_1m_wY_Pink_t01.wav,localized_1m_wY_Pink_t01.wav,1,y,pink,field,26.5,-60,y,75.9,-60,na,0
localized_1m_wY_Pink_t02.wav,localized_1m_wY_Pink_t02.wav,1,y,pink,field,26.5,30,s,6.7,30,na,0
localized_1m_wY_Pink_t02.wav,localized_1m_wY_Pink_t02.wav,1,y,pink,field,26.5,30,y,15.3,30,na,0
localized_1m_wY_Pink_t02.wav,localized_1m_wY_Pink_t02.wav,1,y,pink,field,26.5,120,y,30.3,120,na,0
localized_1m_wY_Pink_t02.wav,localized_1m_wY_Pink_t02.wav,1,y,pink,field,26.5,165,y,46.1,165,na,0
localized_1m_wY_Pink_t02.wav,localized_1m_wY_Pink_t02.wav,1,y,pink,field,26.5,-150,y,60.3,-150,na,0
localized_1m_wY_Pink_t02.wav,localized_1m_wY_Pink_t02.wav,1,y,pink,field,26.5,-60,y,75.3,-60,na,0
localized_2m_wN_Bird_t01.wav,localized_2m_wN_Bird_t01.wav,2,n,wren,field,26.5,30,s,3.3,25,na,-5
localized_2m_wN_Bird_t01.wav,localized_2m_wN_Bird_t01.wav,2,n,wren,field,26.5,30,y,14.3,30,na,0
localized_2m_wN_Bird_t01.wav,localized_2m_wN_Bird_t01.wav,2,n,wren,field,26.5,120,y,27.5,120,na,0
localized_2m_wN_Bird_t01.wav,localized_2m_wN_Bird_t01.wav,2,n,wren,field,26.5,165,y,42.5,165,na,0
localized_2m_wN_Bird_t01.wav,localized_2m_wN_Bird_t01.wav,2,n,wren,field,26.5,-150,y,57.3,-155,na,-5
localized_2m_wN_Bird_t01.wav,localized_2m_wN_Bird_t01.wav,2,n,wren,field,26.5,-60,y,72.3,-60,na,0
localized_2m_wN_Bird_t02.wav,localized_2m_wN_Bird_t02.wav,2,n,wren,field,26.5,30,s,4.5,25,na,-5
localized_2m_wN_Bird_t02.wav,localized_2m_wN_Bird_t02.wav,2,n,wren,field,26.5,30,y,15.7,30,na,0
localized_2m_wN_Bird_t02.wav,localized_2m_wN_Bird_t02.wav,2,n,wren,field,26.5,120,y,28.7,120,na,0
localized_2m_wN_Bird_t02.wav,localized_2m_wN_Bird_t02.wav,2,n,wren,field,26.5,165,y,43.3,160,na,-5
localized_2m_wN_Bird_t02.wav,localized_2m_wN_Bird_t02.wav,2,n,wren,field,26.5,-150,y,58.3,-150,na,0
localized_2m_wN_Bird_t02.wav,localized_2m_wN_Bird_t02.wav,2,n,wren,field,26.5,-60,y,73.3,-60,na,0
localized_2m_wN_Pink_t01.wav,localized_2m_wN_Pink_t01.wav,2,n,pink,field,26.5,30,s,3.1,30,na,0
localized_2m_wN_Pink_t01.wav,localized_2m_wN_Pink_t01.wav,2,n,pink,field,26.5,30,y,14.3,25,na,-5
localized_2m_wN_Pink_t01.wav,localized_2m_wN_Pink_t01.wav,2,n,pink,field,26.5,120,y,28.7,120,na,0
localized_2m_wN_Pink_t01.wav,localized_2m_wN_Pink_t01.wav,2,n,pink,field,26.5,165,y,44.3,165,na,0
localized_2m_wN_Pink_t01.wav,localized_2m_wN_Pink_t01.wav,2,n,pink,field,26.5,-150,y,59.3,-150,na,0
localized_2m_wN_Pink_t01.wav,localized_2m_wN_Pink_t01.wav,2,n,pink,field,26.5,-60,y,74.3,-60,na,0
localized_2m_wN_Pink_t02.wav,localized_2m_wN_Pink_t02.wav,2,n,pink,field,26.5,30,s,4.9,30,na,0
localized_2m_wN_Pink_t02.wav,localized_2m_wN_Pink_t02.wav,2,n,pink,field,26.5,30,y,14.7,30,na,0
localized_2m_wN_Pink_t02.wav,localized_2m_wN_Pink_t02.wav,2,n,pink,field,26.5,120,y,29.7,120,na,0
localized_2m_wN_Pink_t02.wav,localized_2m_wN_Pink_t02.wav,2,n,pink,field,26.5,165,y,44.7,165,na,0
localized_2m_wN_Pink_t02.wav,localized_2m_wN_Pink_t02.wav,2,n,pink,field,26.5,-150,y,59.7,-150,na,0
localized_2m_wN_Pink_t02.wav,localized_2m_wN_Pink_t02.wav,2,n,pink,field,26.5,-60,y,74.7,-60,na,0
localized_4m_wN_Bird_t01.wav,localized_4m_wN_Bird_t01.wav,4,n,wren,field,26.5,30,s,4.9,25,na,-5
localized_4m_wN_Bird_t01.wav,localized_4m_wN_Bird_t01.wav,4,n,wren,field,26.5,30,y,14.9,30,na,0
localized_4m_wN_Bird_t01.wav,localized_4m_wN_Bird_t01.wav,4,n,wren,field,26.5,120,y,30.1,125,na,5
localized_4m_wN_Bird_t01.wav,localized_4m_wN_Bird_t01.wav,4,n,wren,field,26.5,165,y-d,44.9,165,-45,0
localized_4m_wN_Bird_t01.wav,localized_4m_wN_Bird_t01.wav,4,n,wren,field,26.5,-150,y-d,60.7,-150,30,0
localized_4m_wN_Bird_t01.wav,localized_4m_wN_Bird_t01.wav,4,n,wren,field,26.5,-60,y,74.3,-55,na,5
localized_4m_wN_Bird_t02.wav,localized_4m_wN_Bird_t02.wav,4,n,wren,field,26.5,30,s,4.5,35,na,5
localized_4m_wN_Bird_t02.wav,localized_4m_wN_Bird_t02.wav,4,n,wren,field,26.5,30,y,14.9,30,na,0
localized_4m_wN_Bird_t02.wav,localized_4m_wN_Bird_t02.wav,4,n,wren,field,26.5,120,y,28.1,125,na,5
localized_4m_wN_Bird_t02.wav,localized_4m_wN_Bird_t02.wav,4,n,wren,field,26.5,165,y-d,43.1,160,-35,-5
localized_4m_wN_Bird_t02.wav,localized_4m_wN_Bird_t02.wav,4,n,wren,field,26.5,-150,y-d,56.5,-150,na,0
localized_4m_wN_Bird_t02.wav,localized_4m_wN_Bird_t02.wav,4,n,wren,field,26.5,-60,y,71.5,-55,na,5
localized_4m_wN_Pink_t01.wav,localized_4m_wN_Pink_t01.wav,4,n,pink,field,26.5,30,s,5.3,30,na,0
localized_4m_wN_Pink_t01.wav,localized_4m_wN_Pink_t01.wav,4,n,pink,field,26.5,30,y,15.5,30,na,0
localized_4m_wN_Pink_t01.wav,localized_4m_wN_Pink_t01.wav,4,n,pink,field,26.5,120,y,37.9,125,na,5
localized_4m_wN_Pink_t01.wav,localized_4m_wN_Pink_t01.wav,4,n,pink,field,26.5,165,y,52.7,165,na,0
localized_4m_wN_Pink_t01.wav,localized_4m_wN_Pink_t01.wav,4,n,pink,field,26.5,-150,y,74.3,-145,na,5
localized_4m_wN_Pink_t01.wav,localized_4m_wN_Pink_t01.wav,4,n,pink,field,26.5,-60,y,84.5,-60,na,0
localized_4m_wN_Pink_t02.wav,localized_4m_wN_Pink_t02.wav,4,n,pink,field,26.5,30,s,4.1,30,na,0
localized_4m_wN_Pink_t02.wav,localized_4m_wN_Pink_t02.wav,4,n,pink,field,26.5,30,y,14.5,30,na,0
localized_4m_wN_Pink_t02.wav,localized_4m_wN_Pink_t02.wav,4,n,pink,field,26.5,120,y,31.1,125,na,5
localized_4m_wN_Pink_t02.wav,localized_4m_wN_Pink_t02.wav,4,n,pink,field,26.5,165,y,46.1,165,na,0
localized_4m_wN_Pink_t02.wav,localized_4m_wN_Pink_t02.wav,4,n,pink,field,26.5,-150,y,61.1,-145,na,5
localized_4m_wN_Pink_t02.wav,localized_4m_wN_Pink_t02.wav,4,n,pink,field,26.5,-60,y,76.1,-60,na,0
localized_8m_wN_Bird_t01.wav,localized_8m_wN_Bird_t01.wav,8,n,wren,field,25,30,s,3.7,35,na,5
localized_8m_wN_Bird_t01.wav,localized_8m_wN_Bird_t01.wav,8,n,wren,field,25,30,y,14.7,30,na,0
localized_8m_wN_Bird_t01.wav,localized_8m_wN_Bird_t01.wav,8,n,wren,field,25,120,y,27.5,130,na,10
localized_8m_wN_Bird_t01.wav,localized_8m_wN_Bird_t01.wav,8,n,wren,field,25,165,y-d,42.7,165,-45,0
localized_8m_wN_Bird_t01.wav,localized_8m_wN_Bird_t01.wav,8,n,wren,field,25,-150,y-d,56.1,-150,na,0
localized_8m_wN_Bird_t01.wav,localized_8m_wN_Bird_t01.wav,8,n,wren,field,25,-60,y,71.1,-55,na,5
localized_8m_wN_Bird_t02.wav,localized_8m_wN_Bird_t02.wav,8,n,wren,field,25,30,s,4.3,35,na,5
localized_8m_wN_Bird_t02.wav,localized_8m_wN_Bird_t02.wav,8,n,wren,field,25,30,y-d,15.7,35,-155,5
localized_8m_wN_Bird_t02.wav,localized_8m_wN_Bird_t02.wav,8,n,wren,field,25,120,y,33.3,125,na,5
localized_8m_wN_Bird_t02.wav,localized_8m_wN_Bird_t02.wav,8,n,wren,field,25,-150,a,64.9,-150,30,0
localized_8m_wN_Bird_t02.wav,localized_8m_wN_Bird_t02.wav,8,n,wren,field,25,-60,y-d,80.5,-65,na,-5
localized_8m_wN_Bird_t02.wav,localized_8m_wN_Bird_t02.wav,8,n,wren,field,25,165,a,?,?,-60,na
localized_8m_wN_Pink_t01.wav,localized_8m_wN_Pink_t01.wav,8,n,pink,field,25,30,y,15.9,35,na,5
localized_8m_wN_Pink_t01.wav,localized_8m_wN_Pink_t01.wav,8,n,pink,field,25,120,y,41.7,125,na,5
localized_8m_wN_Pink_t01.wav,localized_8m_wN_Pink_t01.wav,8,n,pink,field,25,-60,y,99.7,-65,na,-5
localized_8m_wN_Pink_t01.wav,localized_8m_wN_Pink_t01.wav,8,n,pink,field,25,30,s-m,na,na,na,na
localized_8m_wN_Pink_t01.wav,localized_8m_wN_Pink_t01.wav,8,n,pink,field,25,165,a,na,na,-60,na
localized_8m_wN_Pink_t01.wav,localized_8m_wN_Pink_t01.wav,8,n,pink,field,25,-155,a,na,na,30,na
localized_8m_wN_Pink_t02.wav,localized_8m_wN_Pink_t02.wav,8,n,pink,field,25,30,s,5.3,35,na,5
localized_8m_wN_Pink_t02.wav,localized_8m_wN_Pink_t02.wav,8,n,pink,field,25,30,y,15.7,35,na,5
localized_8m_wN_Pink_t02.wav,localized_8m_wN_Pink_t02.wav,8,n,pink,field,25,120,y,40.7,125,na,5
localized_8m_wN_Pink_t02.wav,localized_8m_wN_Pink_t02.wav,8,n,pink,field,25,-60,y,97.5,-65,na,-5
localized_8m_wN_Pink_t02.wav,localized_8m_wN_Pink_t02.wav,8,n,pink,field,25,165,a,na,na,-60,na
localized_8m_wN_Pink_t02.wav,localized_8m_wN_Pink_t02.wav,8,n,pink,field,25,-155,a,na,na,30,na
localized_8m_wY_Bird_t01.wav,localized_8m_wY_Bird_t01.wav,8,y,wren,field,25,30,s,6.9,30,na,0
localized_8m_wY_Bird_t01.wav,localized_8m_wY_Bird_t01.wav,8,y,wren,field,25,30,y,16.1,35,na,5
localized_8m_wY_Bird_t01.wav,localized_8m_wY_Bird_t01.wav,8,y,wren,field,25,120,y,31.9,120,na,0
localized_8m_wY_Bird_t01.wav,localized_8m_wY_Bird_t01.wav,8,y,wren,field,25,165,a,49.9,175,85,10
localized_8m_wY_Bird_t01.wav,localized_8m_wY_Bird_t01.wav,8,y,wren,field,25,-155,a,62.1,-150,30,5
localized_8m_wY_Bird_t01.wav,localized_8m_wY_Bird_t01.wav,8,y,wren,field,25,-60,y-d,77.5,-65,-160,-5
localized_8m_wY_Bird_t02.wav,localized_8m_wY_Bird_t02.wav,8,y,wren,field,25,30,y,6.7,30,na,0
localized_8m_wY_Bird_t02.wav,localized_8m_wY_Bird_t02.wav,8,y,wren,field,25,30,y,15.7,35,na,5
localized_8m_wY_Bird_t02.wav,localized_8m_wY_Bird_t02.wav,8,y,wren,field,25,120,a,31.7,125,-135,5
localized_8m_wY_Bird_t02.wav,localized_8m_wY_Bird_t02.wav,8,y,wren,field,25,165,a,46.7,175,80,10
localized_8m_wY_Bird_t02.wav,localized_8m_wY_Bird_t02.wav,8,y,wren,field,25,-155,a,62.3,-150,30,5
localized_8m_wY_Bird_t02.wav,localized_8m_wY_Bird_t02.wav,8,y,wren,field,25,-60,a,79.1,-65,-155,-5
localized_8m_wY_Pink_t01.wav,localized_8m_wY_Pink_t01.wav,8,y,pink,field,25,30,y,20.7,35,na,5
localized_8m_wY_Pink_t01.wav,localized_8m_wY_Pink_t01.wav,8,y,pink,field,25,120,y,38.1,120,na,0
localized_8m_wY_Pink_t01.wav,localized_8m_wY_Pink_t01.wav,8,y,pink,field,25,165,y,55.1,175,na,10
localized_8m_wY_Pink_t01.wav,localized_8m_wY_Pink_t01.wav,8,y,pink,field,25,-155,y-d,70.1,-150,30,5
localized_8m_wY_Pink_t01.wav,localized_8m_wY_Pink_t01.wav,8,y,pink,field,25,-60,y,86.5,-60,na,0
localized_8m_wY_Pink_t01.wav,localized_8m_wY_Pink_t01.wav,8,y,pink,field,25,30,s-m,na,na,na,na
localized_8m_wY_Pink_t02.wav,localized_8m_wY_Pink_t02.wav,8,y,pink,field,25,30,s,6.1,30,na,0
localized_8m_wY_Pink_t02.wav,localized_8m_wY_Pink_t02.wav,8,y,pink,field,25,30,y,14.9,35,na,5
localized_8m_wY_Pink_t02.wav,localized_8m_wY_Pink_t02.wav,8,y,pink,field,25,120,y,31.3,120,na,0
localized_8m_wY_Pink_t02.wav,localized_8m_wY_Pink_t02.wav,8,y,pink,field,25,165,y,46.3,175,na,10
localized_8m_wY_Pink_t02.wav,localized_8m_wY_Pink_t02.wav,8,y,pink,field,25,-60,y,77.7,-60,na,0
localized_8m_wY_Pink_t02.wav,localized_8m_wY_Pink_t02.wav,8,y,pink,field,25,-155,a,na,na,30,na
localized_202305LocalisationTest-1mIndoors-NewCaseOff-1000Hz.wav,NewCaseOff-1000Hz.wav,1,n,1000,freq-dep,27,30,s,0.5,30,na,0
localized_202305LocalisationTest-1mIndoors-NewCaseOff-1000Hz.wav,NewCaseOff-1000Hz.wav,1,n,1000,freq-dep,27,30,y,13.7,30,na,0
localized_202305LocalisationTest-1mIndoors-NewCaseOff-1000Hz.wav,NewCaseOff-1000Hz.wav,1,n,1000,freq-dep,27,120,y,28.7,120,na,0
localized_202305LocalisationTest-1mIndoors-NewCaseOff-1000Hz.wav,NewCaseOff-1000Hz.wav,1,n,1000,freq-dep,27,165,y,43.7,165,na,0
localized_202305LocalisationTest-1mIndoors-NewCaseOff-1000Hz.wav,NewCaseOff-1000Hz.wav,1,n,1000,freq-dep,27,-150,y,62.7,-150,na,0
localized_202305LocalisationTest-1mIndoors-NewCaseOff-1000Hz.wav,NewCaseOff-1000Hz.wav,1,n,1000,freq-dep,27,-60,y,73.9,-65,na,-5
localized_202305LocalisationTest-1mIndoors-NewCaseOff-100Hz.wav,NewCaseOff-100Hz.wav,1,n,100,freq-dep,27,30,s,-0.3,30,na,0
localized_202305LocalisationTest-1mIndoors-NewCaseOff-100Hz.wav,NewCaseOff-100Hz.wav,1,n,100,freq-dep,27,30,y,13.1,30,na,0
localized_202305LocalisationTest-1mIndoors-NewCaseOff-100Hz.wav,NewCaseOff-100Hz.wav,1,n,100,freq-dep,27,120,y,28.1,120,na,0
localized_202305LocalisationTest-1mIndoors-NewCaseOff-100Hz.wav,NewCaseOff-100Hz.wav,1,n,100,freq-dep,27,165,y,43.1,165,na,0
localized_202305LocalisationTest-1mIndoors-NewCaseOff-100Hz.wav,NewCaseOff-100Hz.wav,1,n,100,freq-dep,27,-150,y,58.1,-150,na,0
localized_202305LocalisationTest-1mIndoors-NewCaseOff-100Hz.wav,NewCaseOff-100Hz.wav,1,n,100,freq-dep,27,-60,y,73.1,-60,na,0
localized_202305LocalisationTest-1mIndoors-NewCaseOff-2000Hz.wav,NewCaseOff-2000Hz.wav,1,n,2000,freq-dep,27,30,s,0.1,30,na,0
localized_202305LocalisationTest-1mIndoors-NewCaseOff-2000Hz.wav,NewCaseOff-2000Hz.wav,1,n,2000,freq-dep,27,30,y,13.9,30,na,0
localized_202305LocalisationTest-1mIndoors-NewCaseOff-2000Hz.wav,NewCaseOff-2000Hz.wav,1,n,2000,freq-dep,27,120,y,28.7,120,na,0
localized_202305LocalisationTest-1mIndoors-NewCaseOff-2000Hz.wav,NewCaseOff-2000Hz.wav,1,n,2000,freq-dep,27,165,y,43.7,165,na,0
localized_202305LocalisationTest-1mIndoors-NewCaseOff-2000Hz.wav,NewCaseOff-2000Hz.wav,1,n,2000,freq-dep,27,-150,y,58.5,-150,na,0
localized_202305LocalisationTest-1mIndoors-NewCaseOff-2000Hz.wav,NewCaseOff-2000Hz.wav,1,n,2000,freq-dep,27,-60,y,73.5,-60,na,0
localized_202305LocalisationTest-1mIndoors-NewCaseOff-4000Hz.wav,NewCaseOff-4000Hz.wav,1,n,4000,freq-dep,27,30,s,-0.3,30,na,0
localized_202305LocalisationTest-1mIndoors-NewCaseOff-4000Hz.wav,NewCaseOff-4000Hz.wav,1,n,4000,freq-dep,27,30,y,12.9,30,na,0
localized_202305LocalisationTest-1mIndoors-NewCaseOff-4000Hz.wav,NewCaseOff-4000Hz.wav,1,n,4000,freq-dep,27,120,y,27.3,120,na,0
localized_202305LocalisationTest-1mIndoors-NewCaseOff-4000Hz.wav,NewCaseOff-4000Hz.wav,1,n,4000,freq-dep,27,165,y,42.5,165,na,0
localized_202305LocalisationTest-1mIndoors-NewCaseOff-4000Hz.wav,NewCaseOff-4000Hz.wav,1,n,4000,freq-dep,27,-150,y,57.1,-150,na,0
localized_202305LocalisationTest-1mIndoors-NewCaseOff-4000Hz.wav,NewCaseOff-4000Hz.wav,1,n,4000,freq-dep,27,-60,y,72.1,-60,na,0
localized_202305LocalisationTest-1mIndoors-NewCaseOff-400Hz.wav,NewCaseOff-400Hz.wav,1,n,400,freq-dep,27,30,s,0.5,30,na,0
localized_202305LocalisationTest-1mIndoors-NewCaseOff-400Hz.wav,NewCaseOff-400Hz.wav,1,n,400,freq-dep,27,30,y,14.3,30,na,0
localized_202305LocalisationTest-1mIndoors-NewCaseOff-400Hz.wav,NewCaseOff-400Hz.wav,1,n,400,freq-dep,27,120,y,28.1,120,na,0
localized_202305LocalisationTest-1mIndoors-NewCaseOff-400Hz.wav,NewCaseOff-400Hz.wav,1,n,400,freq-dep,27,165,y,44.3,165,na,0
localized_202305LocalisationTest-1mIndoors-NewCaseOff-400Hz.wav,NewCaseOff-400Hz.wav,1,n,400,freq-dep,27,-150,y,59.3,-150,na,0
localized_202305LocalisationTest-1mIndoors-NewCaseOff-400Hz.wav,NewCaseOff-400Hz.wav,1,n,400,freq-dep,27,-60,y,74.3,-65,na,-5
localized_202305LocalisationTest-1mIndoors-NewCaseOff-500Hz.wav,NewCaseOff-500Hz.wav,1,n,500,freq-dep,27,30,s,0.3,30,na,0
localized_202305LocalisationTest-1mIndoors-NewCaseOff-500Hz.wav,NewCaseOff-500Hz.wav,1,n,500,freq-dep,27,30,y,13.7,30,na,0
localized_202305LocalisationTest-1mIndoors-NewCaseOff-500Hz.wav,NewCaseOff-500Hz.wav,1,n,500,freq-dep,27,120,y,28.9,120,na,0
localized_202305LocalisationTest-1mIndoors-NewCaseOff-500Hz.wav,NewCaseOff-500Hz.wav,1,n,500,freq-dep,27,165,y,43.3,165,na,0
localized_202305LocalisationTest-1mIndoors-NewCaseOff-500Hz.wav,NewCaseOff-500Hz.wav,1,n,500,freq-dep,27,-150,y,58.7,-155,na,-5
localized_202305LocalisationTest-1mIndoors-NewCaseOff-500Hz.wav,NewCaseOff-500Hz.wav,1,n,500,freq-dep,27,-60,y,74.1,-60,na,0
localized_202305LocalisationTest-1mIndoors-NewCaseOff-6000Hz.wav,NewCaseOff-6000Hz.wav,1,n,6000,freq-dep,27,30,s,1.1,35,na,5
localized_202305LocalisationTest-1mIndoors-NewCaseOff-6000Hz.wav,NewCaseOff-6000Hz.wav,1,n,6000,freq-dep,27,30,d,14.1,35,-160,5
localized_202305LocalisationTest-1mIndoors-NewCaseOff-6000Hz.wav,NewCaseOff-6000Hz.wav,1,n,6000,freq-dep,27,165,y,43.9,160,na,-5
localized_202305LocalisationTest-1mIndoors-NewCaseOff-6000Hz.wav,NewCaseOff-6000Hz.wav,1,n,6000,freq-dep,27,-150,y,58.7,-155,na,-5
localized_202305LocalisationTest-1mIndoors-NewCaseOff-6000Hz.wav,NewCaseOff-6000Hz.wav,1,n,6000,freq-dep,27,-60,y-d,72.9,-60,-175,0
localized_202305LocalisationTest-1mIndoors-NewCaseOff-6000Hz.wav,NewCaseOff-6000Hz.wav,1,n,6000,freq-dep,27,120,a,na,na,15,na
localized_202305LocalisationTest-1mIndoors-NewCaseOff-7000Hz.wav,NewCaseOff-7000Hz.wav,1,n,7000,freq-dep,27,30,s,7.8,35,na,5
localized_202305LocalisationTest-1mIndoors-NewCaseOff-7000Hz.wav,NewCaseOff-7000Hz.wav,1,n,7000,freq-dep,27,120,a,na,na,30,na
localized_202305LocalisationTest-1mIndoors-NewCaseOff-7000Hz.wav,NewCaseOff-7000Hz.wav,1,n,7000,freq-dep,27,-60,a,na,na,40,na
localized_202305LocalisationTest-1mIndoors-NewCaseOff-7000Hz.wav,NewCaseOff-7000Hz.wav,1,n,7000,freq-dep,27,30,m,na,na,na,na
localized_202305LocalisationTest-1mIndoors-NewCaseOff-7000Hz.wav,NewCaseOff-7000Hz.wav,1,n,7000,freq-dep,27,165,m,na,na,na,na
localized_202305LocalisationTest-1mIndoors-NewCaseOff-7000Hz.wav,NewCaseOff-7000Hz.wav,1,n,7000,freq-dep,27,-150,m,na,na,na,na
localized_202305LocalisationTest-1mIndoors-NewCaseOff-EurasianWren1.wav,NewCaseOff-EurasianWren1.wav,1,n,wren,freq-dep,27,30,s,0.3,30,na,0
localized_202305LocalisationTest-1mIndoors-NewCaseOff-EurasianWren1.wav,NewCaseOff-EurasianWren1.wav,1,n,wren,freq-dep,27,30,y-d,13.9,30,-150,0
localized_202305LocalisationTest-1mIndoors-NewCaseOff-EurasianWren1.wav,NewCaseOff-EurasianWren1.wav,1,n,wren,freq-dep,27,120,y,26.9,120,na,0
localized_202305LocalisationTest-1mIndoors-NewCaseOff-EurasianWren1.wav,NewCaseOff-EurasianWren1.wav,1,n,wren,freq-dep,27,165,y,41.9,165,na,0
localized_202305LocalisationTest-1mIndoors-NewCaseOff-EurasianWren1.wav,NewCaseOff-EurasianWren1.wav,1,n,wren,freq-dep,27,-150,y-d,56.9,-150,30,0
localized_202305LocalisationTest-1mIndoors-NewCaseOff-EurasianWren1.wav,NewCaseOff-EurasianWren1.wav,1,n,wren,freq-dep,27,-60,y-d,74.7,-60,-170,0
localized_202305LocalisationTest-1mIndoors-NewCaseOff-EurasianWren2.wav,NewCaseOff-EurasianWren2.wav,1,n,wren,freq-dep,27,30,s,0.1,30,na,0
localized_202305LocalisationTest-1mIndoors-NewCaseOff-EurasianWren2.wav,NewCaseOff-EurasianWren2.wav,1,n,wren,freq-dep,27,30,y-d,13.7,30,-150,0
localized_202305LocalisationTest-1mIndoors-NewCaseOff-EurasianWren2.wav,NewCaseOff-EurasianWren2.wav,1,n,wren,freq-dep,27,120,y,26.7,120,na,0
localized_202305LocalisationTest-1mIndoors-NewCaseOff-EurasianWren2.wav,NewCaseOff-EurasianWren2.wav,1,n,wren,freq-dep,27,165,y,41.7,165,na,0
localized_202305LocalisationTest-1mIndoors-NewCaseOff-EurasianWren2.wav,NewCaseOff-EurasianWren2.wav,1,n,wren,freq-dep,27,-150,y-d,56.7,-150,30,0
localized_202305LocalisationTest-1mIndoors-NewCaseOff-EurasianWren2.wav,NewCaseOff-EurasianWren2.wav,1,n,wren,freq-dep,27,-60,y,74.5,-60,na,0
localized_202305LocalisationTest-1mIndoors-NewCaseOff-PinkNoise1.wav,NewCaseOff-PinkNoise1.wav,1,n,pink,freq-dep,27,30,s,0.1,30,na,0
localized_202305LocalisationTest-1mIndoors-NewCaseOff-PinkNoise1.wav,NewCaseOff-PinkNoise1.wav,1,n,pink,freq-dep,27,120,y,28.1,120,na,0
localized_202305LocalisationTest-1mIndoors-NewCaseOff-PinkNoise1.wav,NewCaseOff-PinkNoise1.wav,1,n,pink,freq-dep,27,165,y,43.1,165,na,0
localized_202305LocalisationTest-1mIndoors-NewCaseOff-PinkNoise1.wav,NewCaseOff-PinkNoise1.wav,1,n,pink,freq-dep,27,-150,y,58.3,-150,na,0
localized_202305LocalisationTest-1mIndoors-NewCaseOff-PinkNoise1.wav,NewCaseOff-PinkNoise1.wav,1,n,pink,freq-dep,27,-60,y,73.1,-60,na,0
localized_202305LocalisationTest-1mIndoors-NewCaseOff-PinkNoise1.wav,NewCaseOff-PinkNoise1.wav,1,n,pink,freq-dep,27,30,a,na,na,-150,na
localized_202305LocalisationTest-1mIndoors-NewCaseOff-PinkNoise2.wav,NewCaseOff-PinkNoise2.wav,1,n,pink,freq-dep,27,30,y,0.7,30,na,0
localized_202305LocalisationTest-1mIndoors-NewCaseOff-PinkNoise2.wav,NewCaseOff-PinkNoise2.wav,1,n,pink,freq-dep,27,120,y,28.1,120,na,0
localized_202305LocalisationTest-1mIndoors-NewCaseOff-PinkNoise2.wav,NewCaseOff-PinkNoise2.wav,1,n,pink,freq-dep,27,165,y,43.1,165,na,0
localized_202305LocalisationTest-1mIndoors-NewCaseOff-PinkNoise2.wav,NewCaseOff-PinkNoise2.wav,1,n,pink,freq-dep,27,-150,y,57.5,-150,na,0
localized_202305LocalisationTest-1mIndoors-NewCaseOff-PinkNoise2.wav,NewCaseOff-PinkNoise2.wav,1,n,pink,freq-dep,27,-60,y,73.1,-60,na,0
localized_202305LocalisationTest-1mIndoors-NewCaseOff-PinkNoise2.wav,NewCaseOff-PinkNoise2.wav,1,n,pink,freq-dep,27,30,a,na,na,-150,na
localized_1a_pinknoise_N_2.wav,localized_1a_pinknoise_N_2.wav,1,n,pink,lab-pre,24,-150,s,15.3,-140,na,10
localized_1a_pinknoise_N_2.wav,localized_1a_pinknoise_N_2.wav,1,n,pink,lab-pre,24,-150,y,30.9,-150,na,0
localized_1a_pinknoise_N_2.wav,localized_1a_pinknoise_N_2.wav,1,n,pink,lab-pre,24,-60,y,45.7,-60,na,0
localized_1a_pinknoise_N_2.wav,localized_1a_pinknoise_N_2.wav,1,n,pink,lab-pre,24,-15,y,60.9,-15,na,0
localized_1a_pinknoise_N_2.wav,localized_1a_pinknoise_N_2.wav,1,n,pink,lab-pre,24,30,y,75.7,30,na,0
localized_1a_pinknoise_N_2.wav,localized_1a_pinknoise_N_2.wav,1,n,pink,lab-pre,24,120,y,90.5,120,na,0
localized_1a_pinknoise_N_2.wav,localized_1a_pinknoise_N_2.wav,1,n,pink,lab-pre,24,165,e,105.7,165,na,0
localized_1a_pinknoise2_N_2.wav,localized_1a_pinknoise2_N_2.wav,1,n,pink,lab-pre,24,-150,s,14.9,-145,na,5
localized_1a_pinknoise2_N_2.wav,localized_1a_pinknoise2_N_2.wav,1,n,pink,lab-pre,24,-150,y,30.5,-145,na,5
localized_1a_pinknoise2_N_2.wav,localized_1a_pinknoise2_N_2.wav,1,n,pink,lab-pre,24,-60,y,45.1,-60,na,0
localized_1a_pinknoise2_N_2.wav,localized_1a_pinknoise2_N_2.wav,1,n,pink,lab-pre,24,-15,y,60.5,-15,na,0
localized_1a_pinknoise2_N_2.wav,localized_1a_pinknoise2_N_2.wav,1,n,pink,lab-pre,24,30,y,75.3,30,na,0
localized_1a_pinknoise2_N_2.wav,localized_1a_pinknoise2_N_2.wav,1,n,pink,lab-pre,24,120,y,90.1,120,na,0
localized_1a_pinknoise2_N_2.wav,localized_1a_pinknoise2_N_2.wav,1,n,pink,lab-pre,24,165,e,105.3,170,na,5
localized_1b_bird_N_2.wav,localized_1b_bird_N_2.wav,1,n,wren,lab-pre,24,-150,s,16.1,-150,na,0
localized_1b_bird_N_2.wav,localized_1b_bird_N_2.wav,1,n,wren,lab-pre,24,-150,y,30.5,-145,na,5
localized_1b_bird_N_2.wav,localized_1b_bird_N_2.wav,1,n,wren,lab-pre,24,-60,y,45.5,-55,na,5
localized_1b_bird_N_2.wav,localized_1b_bird_N_2.wav,1,n,wren,lab-pre,24,-15,y,60.5,-10,na,5
localized_1b_bird_N_2.wav,localized_1b_bird_N_2.wav,1,n,wren,lab-pre,24,30,y,75.5,30,na,0
localized_1b_bird_N_2.wav,localized_1b_bird_N_2.wav,1,n,wren,lab-pre,24,120,y,90.9,120,na,0
localized_1b_bird_N_2.wav,localized_1b_bird_N_2.wav,1,n,wren,lab-pre,24,165,e,105.7,165,na,0
localized_5a_pinknoise_Y_2.wav,localized_5a_pinknoise_Y_2.wav,1,y,pink,lab-pre,24,-150,s,16.5,-145,na,5
localized_5a_pinknoise_Y_2.wav,localized_5a_pinknoise_Y_2.wav,1,y,pink,lab-pre,24,-150,y,30.3,-145,na,5
localized_5a_pinknoise_Y_2.wav,localized_5a_pinknoise_Y_2.wav,1,y,pink,lab-pre,24,-60,y,45.1,-60,na,0
localized_5a_pinknoise_Y_2.wav,localized_5a_pinknoise_Y_2.wav,1,y,pink,lab-pre,24,-15,y,60.5,-15,na,0
localized_5a_pinknoise_Y_2.wav,localized_5a_pinknoise_Y_2.wav,1,y,pink,lab-pre,24,30,y,75.1,25,na,-5
localized_5a_pinknoise_Y_2.wav,localized_5a_pinknoise_Y_2.wav,1,y,pink,lab-pre,24,120,y,89.9,120,na,0
localized_5a_pinknoise_Y_2.wav,localized_5a_pinknoise_Y_2.wav,1,y,pink,lab-pre,24,165,e,105.3,175,na,10
localized_5b_bird_Y_2.wav,localized_5b_bird_Y_2.wav,1,y,wren,lab-pre,24,-150,s,17.1,-145,na,5
localized_5b_bird_Y_2.wav,localized_5b_bird_Y_2.wav,1,y,wren,lab-pre,24,-150,y,30.9,-140,na,10
localized_5b_bird_Y_2.wav,localized_5b_bird_Y_2.wav,1,y,wren,lab-pre,24,-60,y,45.9,-60,na,0
localized_5b_bird_Y_2.wav,localized_5b_bird_Y_2.wav,1,y,wren,lab-pre,24,-15,y,60.9,-25,na,-10
localized_5b_bird_Y_2.wav,localized_5b_bird_Y_2.wav,1,y,wren,lab-pre,24,30,y,75.7,25,na,-5
localized_5b_bird_Y_2.wav,localized_5b_bird_Y_2.wav,1,y,wren,lab-pre,24,120,y,91.1,125,na,5
localized_5b_bird_Y_2.wav,localized_5b_bird_Y_2.wav,1,y,wren,lab-pre,24,165,e,106.1,175,na,10
localized_7a_pinknoise_N_3.wav,localized_7a_pinknoise_N_3.wav,1,n,pink,lab-pre,24,-150,s,15.7,-145,na,5
localized_7a_pinknoise_N_3.wav,localized_7a_pinknoise_N_3.wav,1,n,pink,lab-pre,24,-150,y,30.5,-150,na,0
localized_7a_pinknoise_N_3.wav,localized_7a_pinknoise_N_3.wav,1,n,pink,lab-pre,24,-60,y,45.3,-60,na,0
localized_7a_pinknoise_N_3.wav,localized_7a_pinknoise_N_3.wav,1,n,pink,lab-pre,24,-15,y,60.5,-10,na,5
localized_7a_pinknoise_N_3.wav,localized_7a_pinknoise_N_3.wav,1,n,pink,lab-pre,24,30,y,75.3,30,na,0
localized_7a_pinknoise_N_3.wav,localized_7a_pinknoise_N_3.wav,1,n,pink,lab-pre,24,120,y,90.1,115,na,-5
localized_7a_pinknoise_N_3.wav,localized_7a_pinknoise_N_3.wav,1,n,pink,lab-pre,24,165,e,105.3,165,na,0
