filename,recorder,distance.m,wpRAW,trial,tone,trial.no,THRESH,Sep,Start.time,Start.azimuth,End.time,End.azimuth,detection,True.Angle,difference
localized_1m_wN_Bird_t01.wav,printedCase,1,n,SilwoodField,bird,1,26.5,0,2.7,25,9,30,y,30,-5
localized_1m_wN_Bird_t01.wav,printedCase,1,n,SilwoodField,bird,1,26.5,1,6.5,-150,9.2,-145,n,na,na
localized_1m_wN_Bird_t01.wav,printedCase,1,n,SilwoodField,bird,1,26.5,2,10.3,30,12.4,30,n,na,na
localized_1m_wN_Bird_t01.wav,printedCase,1,n,SilwoodField,bird,1,26.5,3,10.9,-5,13,-5,n,na,na
localized_1m_wN_Bird_t01.wav,printedCase,1,n,SilwoodField,bird,1,26.5,4,14.1,30,19.6,30,y,30,0
localized_1m_wN_Bird_t01.wav,printedCase,1,n,SilwoodField,bird,1,26.5,5,18.5,35,21,25,n,na,na
localized_1m_wN_Bird_t01.wav,printedCase,1,n,SilwoodField,bird,1,26.5,6,19.1,-160,21.2,-160,n,na,na
localized_1m_wN_Bird_t01.wav,printedCase,1,n,SilwoodField,bird,1,26.5,7,19.3,50,22,55,n,na,na
localized_1m_wN_Bird_t01.wav,printedCase,1,n,SilwoodField,bird,1,26.5,8,20.1,75,23.2,100,n,na,na
localized_1m_wN_Bird_t01.wav,printedCase,1,n,SilwoodField,bird,1,26.5,9,21.3,-110,24,-140,n,na,na
localized_1m_wN_Bird_t01.wav,printedCase,1,n,SilwoodField,bird,1,26.5,10,22.1,115,25.6,120,n,na,na
localized_1m_wN_Bird_t01.wav,printedCase,1,n,SilwoodField,bird,1,26.5,11,22.7,-115,24.8,-115,n,na,na
localized_1m_wN_Bird_t01.wav,printedCase,1,n,SilwoodField,bird,1,26.5,12,24.1,20,26.2,20,n,na,na
localized_1m_wN_Bird_t01.wav,printedCase,1,n,SilwoodField,bird,1,26.5,13,27.1,115,36.2,155,y,120,-5
localized_1m_wN_Bird_t01.wav,printedCase,1,n,SilwoodField,bird,1,26.5,14,31.5,-145,33.6,-145,n,na,na
localized_1m_wN_Bird_t01.wav,printedCase,1,n,SilwoodField,bird,1,26.5,15,34.5,25,36.6,25,n,na,na
localized_1m_wN_Bird_t01.wav,printedCase,1,n,SilwoodField,bird,1,26.5,16,34.9,155,37.6,160,n,na,na
localized_1m_wN_Bird_t01.wav,printedCase,1,n,SilwoodField,bird,1,26.5,17,35.1,-45,37.2,-45,n,na,na
localized_1m_wN_Bird_t01.wav,printedCase,1,n,SilwoodField,bird,1,26.5,18,42.1,160,49,165,y,165,-5
localized_1m_wN_Bird_t01.wav,printedCase,1,n,SilwoodField,bird,1,26.5,19,47.1,-150,49.2,-150,n,na,na
localized_1m_wN_Bird_t01.wav,printedCase,1,n,SilwoodField,bird,1,26.5,20,47.3,-170,52.2,-145,n,na,na
localized_1m_wN_Bird_t01.wav,printedCase,1,n,SilwoodField,bird,1,26.5,21,49.5,-140,51.8,-140,n,na,na
localized_1m_wN_Bird_t01.wav,printedCase,1,n,SilwoodField,bird,1,26.5,22,52.1,-15,56,-35,n,na,na
localized_1m_wN_Bird_t01.wav,printedCase,1,n,SilwoodField,bird,1,26.5,23,52.3,135,54.4,135,n,na,na
localized_1m_wN_Bird_t01.wav,printedCase,1,n,SilwoodField,bird,1,26.5,24,55.1,-50,57.2,-50,n,na,na
localized_1m_wN_Bird_t01.wav,printedCase,1,n,SilwoodField,bird,1,26.5,25,56.3,-60,58.4,-60,n,na,na
localized_1m_wN_Bird_t01.wav,printedCase,1,n,SilwoodField,bird,1,26.5,26,57.1,-150,62.8,-155,y,-150,0
localized_1m_wN_Bird_t01.wav,printedCase,1,n,SilwoodField,bird,1,26.5,27,61.7,-155,67.6,-55,n,na,na
localized_1m_wN_Bird_t01.wav,printedCase,1,n,SilwoodField,bird,1,26.5,28,62.1,15,64.2,15,n,na,na
localized_1m_wN_Bird_t01.wav,printedCase,1,n,SilwoodField,bird,1,26.5,29,65.9,-155,68,-155,n,na,na
localized_1m_wN_Bird_t01.wav,printedCase,1,n,SilwoodField,bird,1,26.5,30,66.1,70,68.6,75,n,na,na
localized_1m_wN_Bird_t01.wav,printedCase,1,n,SilwoodField,bird,1,26.5,31,66.3,-75,68.4,-75,n,na,na
localized_1m_wN_Bird_t01.wav,printedCase,1,n,SilwoodField,bird,1,26.5,32,70.3,-60,72.4,-60,n,na,na
localized_1m_wN_Bird_t01.wav,printedCase,1,n,SilwoodField,bird,1,26.5,33,72.1,-60,77.6,-65,y,-60,0
localized_1m_wN_Bird_t02.wav,printedCase,1,n,SilwoodField,bird,2,26.5,0,-0.3,20,3.2,25,n,na,na
localized_1m_wN_Bird_t02.wav,printedCase,1,n,SilwoodField,bird,2,26.5,1,2.7,30,9.2,30,y,30,0
localized_1m_wN_Bird_t02.wav,printedCase,1,n,SilwoodField,bird,2,26.5,2,6.5,-150,8.8,-150,n,na,na
localized_1m_wN_Bird_t02.wav,printedCase,1,n,SilwoodField,bird,2,26.5,3,8.9,-45,15.4,-50,n,na,na
localized_1m_wN_Bird_t02.wav,printedCase,1,n,SilwoodField,bird,2,26.5,4,14.1,30,19.8,30,y,30,0
localized_1m_wN_Bird_t02.wav,printedCase,1,n,SilwoodField,bird,2,26.5,5,18.7,-145,21,-140,n,na,na
localized_1m_wN_Bird_t02.wav,printedCase,1,n,SilwoodField,bird,2,26.5,6,19.3,-170,21.4,-170,n,na,na
localized_1m_wN_Bird_t02.wav,printedCase,1,n,SilwoodField,bird,2,26.5,7,19.5,165,21.8,160,n,na,na
localized_1m_wN_Bird_t02.wav,printedCase,1,n,SilwoodField,bird,2,26.5,8,19.9,50,22.2,60,n,na,na
localized_1m_wN_Bird_t02.wav,printedCase,1,n,SilwoodField,bird,2,26.5,9,20.3,-80,22.4,-80,n,na,na
localized_1m_wN_Bird_t02.wav,printedCase,1,n,SilwoodField,bird,2,26.5,10,20.5,80,23,85,n,na,na
localized_1m_wN_Bird_t02.wav,printedCase,1,n,SilwoodField,bird,2,26.5,11,21.1,-100,23.4,-110,n,na,na
localized_1m_wN_Bird_t02.wav,printedCase,1,n,SilwoodField,bird,2,26.5,12,21.5,105,23.6,105,n,na,na
localized_1m_wN_Bird_t02.wav,printedCase,1,n,SilwoodField,bird,2,26.5,13,21.7,-50,23.8,-50,n,na,na
localized_1m_wN_Bird_t02.wav,printedCase,1,n,SilwoodField,bird,2,26.5,14,22.1,-135,24.6,-120,n,na,na
localized_1m_wN_Bird_t02.wav,printedCase,1,n,SilwoodField,bird,2,26.5,15,22.3,20,24.4,20,n,na,na
localized_1m_wN_Bird_t02.wav,printedCase,1,n,SilwoodField,bird,2,26.5,16,22.9,-50,25,-50,n,na,na
localized_1m_wN_Bird_t02.wav,printedCase,1,n,SilwoodField,bird,2,26.5,17,27.1,-120,29.2,-120,n,na,na
localized_1m_wN_Bird_t02.wav,printedCase,1,n,SilwoodField,bird,2,26.5,18,27.3,115,32.4,115,y,120,-5
localized_1m_wN_Bird_t02.wav,printedCase,1,n,SilwoodField,bird,2,26.5,19,29.7,20,31.8,20,n,na,na
localized_1m_wN_Bird_t02.wav,printedCase,1,n,SilwoodField,bird,2,26.5,20,31.3,115,35.8,155,n,na,na
localized_1m_wN_Bird_t02.wav,printedCase,1,n,SilwoodField,bird,2,26.5,21,31.7,10,33.8,10,n,na,na
localized_1m_wN_Bird_t02.wav,printedCase,1,n,SilwoodField,bird,2,26.5,22,33.1,-105,35.2,-105,n,na,na
localized_1m_wN_Bird_t02.wav,printedCase,1,n,SilwoodField,bird,2,26.5,23,33.9,-5,36.8,-5,n,na,na
localized_1m_wN_Bird_t02.wav,printedCase,1,n,SilwoodField,bird,2,26.5,24,35.1,120,37.2,120,n,na,na
localized_1m_wN_Bird_t02.wav,printedCase,1,n,SilwoodField,bird,2,26.5,25,41.9,160,47.4,155,y,165,-5
localized_1m_wN_Bird_t02.wav,printedCase,1,n,SilwoodField,bird,2,26.5,26,46.1,-35,48.4,-35,n,na,na
localized_1m_wN_Bird_t02.wav,printedCase,1,n,SilwoodField,bird,2,26.5,27,46.5,155,48.8,160,n,na,na
localized_1m_wN_Bird_t02.wav,printedCase,1,n,SilwoodField,bird,2,26.5,28,46.9,-60,49,-60,n,na,na
localized_1m_wN_Bird_t02.wav,printedCase,1,n,SilwoodField,bird,2,26.5,29,47.1,-175,50.6,-145,n,na,na
localized_1m_wN_Bird_t02.wav,printedCase,1,n,SilwoodField,bird,2,26.5,30,50.9,-45,53,-45,n,na,na
localized_1m_wN_Bird_t02.wav,printedCase,1,n,SilwoodField,bird,2,26.5,31,51.9,-55,54.8,-50,n,na,na
localized_1m_wN_Bird_t02.wav,printedCase,1,n,SilwoodField,bird,2,26.5,32,53.5,-50,57.6,-50,n,na,na
localized_1m_wN_Bird_t02.wav,printedCase,1,n,SilwoodField,bird,2,26.5,33,56.9,-155,62,-155,y,-150,-5
localized_1m_wN_Bird_t02.wav,printedCase,1,n,SilwoodField,bird,2,26.5,34,60.7,-145,63.2,-160,n,na,na
localized_1m_wN_Bird_t02.wav,printedCase,1,n,SilwoodField,bird,2,26.5,35,61.3,-135,64,-125,n,na,na
localized_1m_wN_Bird_t02.wav,printedCase,1,n,SilwoodField,bird,2,26.5,36,62.1,-105,71.8,-45,n,na,na
localized_1m_wN_Bird_t02.wav,printedCase,1,n,SilwoodField,bird,2,26.5,37,64.7,-175,66.8,-175,n,na,na
localized_1m_wN_Bird_t02.wav,printedCase,1,n,SilwoodField,bird,2,26.5,38,71.5,-60,77.6,-60,y,-60,0
localized_1m_wN_Pink_t01.wav,printedCase,1,n,SilwoodField,pink,1,26.5,0,-0.3,-40,3.4,-35,n,na,na
localized_1m_wN_Pink_t01.wav,printedCase,1,n,SilwoodField,pink,1,26.5,1,3.9,25,10.6,40,y,30,-5
localized_1m_wN_Pink_t01.wav,printedCase,1,n,SilwoodField,pink,1,26.5,2,7.1,-150,9.4,-150,n,na,na
localized_1m_wN_Pink_t01.wav,printedCase,1,n,SilwoodField,pink,1,26.5,3,8.9,-155,11,-155,n,na,na
localized_1m_wN_Pink_t01.wav,printedCase,1,n,SilwoodField,pink,1,26.5,4,10.1,70,13.4,75,n,na,na
localized_1m_wN_Pink_t01.wav,printedCase,1,n,SilwoodField,pink,1,26.5,5,10.9,35,13,35,n,na,na
localized_1m_wN_Pink_t01.wav,printedCase,1,n,SilwoodField,pink,1,26.5,6,12.5,70,14.6,70,n,na,na
localized_1m_wN_Pink_t01.wav,printedCase,1,n,SilwoodField,pink,1,26.5,7,14.5,30,21.6,30,y,30,0
localized_1m_wN_Pink_t01.wav,printedCase,1,n,SilwoodField,pink,1,26.5,8,20.5,25,25.4,110,n,na,na
localized_1m_wN_Pink_t01.wav,printedCase,1,n,SilwoodField,pink,1,26.5,9,21.3,165,23.4,165,n,na,na
localized_1m_wN_Pink_t01.wav,printedCase,1,n,SilwoodField,pink,1,26.5,10,23.5,5,26,25,n,na,na
localized_1m_wN_Pink_t01.wav,printedCase,1,n,SilwoodField,pink,1,26.5,11,23.7,-140,25.8,-140,n,na,na
localized_1m_wN_Pink_t01.wav,printedCase,1,n,SilwoodField,pink,1,26.5,12,24.1,120,26.4,120,n,na,na
localized_1m_wN_Pink_t01.wav,printedCase,1,n,SilwoodField,pink,1,26.5,13,25.5,165,27.6,165,n,na,na
localized_1m_wN_Pink_t01.wav,printedCase,1,n,SilwoodField,pink,1,26.5,14,27.3,125,29.4,125,n,na,na
localized_1m_wN_Pink_t01.wav,printedCase,1,n,SilwoodField,pink,1,26.5,15,29.5,120,36.6,115,y,120,0
localized_1m_wN_Pink_t01.wav,printedCase,1,n,SilwoodField,pink,1,26.5,16,35.5,110,41.4,170,n,na,na
localized_1m_wN_Pink_t01.wav,printedCase,1,n,SilwoodField,pink,1,26.5,17,38.1,-25,40.4,-25,n,na,na
localized_1m_wN_Pink_t01.wav,printedCase,1,n,SilwoodField,pink,1,26.5,18,39.5,-25,42.6,-40,n,na,na
localized_1m_wN_Pink_t01.wav,printedCase,1,n,SilwoodField,pink,1,26.5,19,42.1,-25,45.2,-50,n,na,na
localized_1m_wN_Pink_t01.wav,printedCase,1,n,SilwoodField,pink,1,26.5,20,43.3,-25,46.2,-20,n,na,na
localized_1m_wN_Pink_t01.wav,printedCase,1,n,SilwoodField,pink,1,26.5,21,44.5,165,51.6,165,y,165,0
localized_1m_wN_Pink_t01.wav,printedCase,1,n,SilwoodField,pink,1,26.5,22,50.3,-60,52.4,-60,n,na,na
localized_1m_wN_Pink_t01.wav,printedCase,1,n,SilwoodField,pink,1,26.5,23,50.5,165,55.2,-145,n,na,na
localized_1m_wN_Pink_t01.wav,printedCase,1,n,SilwoodField,pink,1,26.5,24,52.5,40,54.6,40,n,na,na
localized_1m_wN_Pink_t01.wav,printedCase,1,n,SilwoodField,pink,1,26.5,25,55.1,-55,58.8,-55,n,na,na
localized_1m_wN_Pink_t01.wav,printedCase,1,n,SilwoodField,pink,1,26.5,26,59.5,-150,66.6,-150,y,-150,0
localized_1m_wN_Pink_t01.wav,printedCase,1,n,SilwoodField,pink,1,26.5,27,64.7,-55,67.2,-50,n,na,na
localized_1m_wN_Pink_t01.wav,printedCase,1,n,SilwoodField,pink,1,26.5,28,65.3,-25,67.6,-25,n,na,na
localized_1m_wN_Pink_t01.wav,printedCase,1,n,SilwoodField,pink,1,26.5,29,65.7,-160,68,-160,n,na,na
localized_1m_wN_Pink_t01.wav,printedCase,1,n,SilwoodField,pink,1,26.5,30,66.1,-55,68.2,-55,n,na,na
localized_1m_wN_Pink_t01.wav,printedCase,1,n,SilwoodField,pink,1,26.5,31,66.5,-25,68.6,-25,n,na,na
localized_1m_wN_Pink_t01.wav,printedCase,1,n,SilwoodField,pink,1,26.5,32,66.7,-120,69,-130,n,na,na
localized_1m_wN_Pink_t01.wav,printedCase,1,n,SilwoodField,pink,1,26.5,33,67.1,-110,71,-70,n,na,na
localized_1m_wN_Pink_t01.wav,printedCase,1,n,SilwoodField,pink,1,26.5,34,67.9,-60,70,-60,n,na,na
localized_1m_wN_Pink_t01.wav,printedCase,1,n,SilwoodField,pink,1,26.5,35,69.1,-175,71.4,-175,n,na,na
localized_1m_wN_Pink_t01.wav,printedCase,1,n,SilwoodField,pink,1,26.5,36,71.3,-55,73.4,-55,n,na,na
localized_1m_wN_Pink_t01.wav,printedCase,1,n,SilwoodField,pink,1,26.5,37,72.1,165,74.2,165,n,na,na
localized_1m_wN_Pink_t01.wav,printedCase,1,n,SilwoodField,pink,1,26.5,38,74.5,-60,79.2,-60,y,-60,0
localized_1m_wN_Pink_t01.wav,printedCase,1,n,SilwoodField,pink,1,26.5,39,77.3,-175,80.4,-175,n,na,na
localized_1m_wN_Pink_t01.wav,printedCase,1,n,SilwoodField,pink,1,26.5,40,77.9,55,80,55,n,na,na
localized_1m_wN_Pink_t01.wav,printedCase,1,n,SilwoodField,pink,1,26.5,41,78.1,-60,81.6,-60,n,na,na
localized_1m_wN_Pink_t02.wav,printedCase,1,n,SilwoodField,pink,2,26.5,0,-0.1,-155,2,-155,n,na,na
localized_1m_wN_Pink_t02.wav,printedCase,1,n,SilwoodField,pink,2,26.5,1,1.1,70,3.2,70,n,na,na
localized_1m_wN_Pink_t02.wav,printedCase,1,n,SilwoodField,pink,2,26.5,2,2.3,65,4.4,65,n,na,na
localized_1m_wN_Pink_t02.wav,printedCase,1,n,SilwoodField,pink,2,26.5,3,3.5,35,10,30,y,30,5
localized_1m_wN_Pink_t02.wav,printedCase,1,n,SilwoodField,pink,2,26.5,4,6.7,-150,9.6,-145,n,na,na
localized_1m_wN_Pink_t02.wav,printedCase,1,n,SilwoodField,pink,2,26.5,5,9.7,-55,13.4,-55,n,na,na
localized_1m_wN_Pink_t02.wav,printedCase,1,n,SilwoodField,pink,2,26.5,6,11.5,-160,14.4,-160,n,na,na
localized_1m_wN_Pink_t02.wav,printedCase,1,n,SilwoodField,pink,2,26.5,7,13.7,-155,16.2,-150,n,na,na
localized_1m_wN_Pink_t02.wav,printedCase,1,n,SilwoodField,pink,2,26.5,8,14.9,30,22,30,y,30,0
localized_1m_wN_Pink_t02.wav,printedCase,1,n,SilwoodField,pink,2,26.5,9,21.1,-145,23.2,-145,n,na,na
localized_1m_wN_Pink_t02.wav,printedCase,1,n,SilwoodField,pink,2,26.5,10,21.3,40,24,55,n,na,na
localized_1m_wN_Pink_t02.wav,printedCase,1,n,SilwoodField,pink,2,26.5,11,21.5,-165,24.2,-165,n,na,na
localized_1m_wN_Pink_t02.wav,printedCase,1,n,SilwoodField,pink,2,26.5,12,21.7,165,23.8,165,n,na,na
localized_1m_wN_Pink_t02.wav,printedCase,1,n,SilwoodField,pink,2,26.5,13,22.3,-70,24.4,-70,n,na,na
localized_1m_wN_Pink_t02.wav,printedCase,1,n,SilwoodField,pink,2,26.5,14,22.5,90,25,85,n,na,na
localized_1m_wN_Pink_t02.wav,printedCase,1,n,SilwoodField,pink,2,26.5,15,23.1,105,25.8,105,n,na,na
localized_1m_wN_Pink_t02.wav,printedCase,1,n,SilwoodField,pink,2,26.5,16,23.9,20,26.8,15,n,na,na
localized_1m_wN_Pink_t02.wav,printedCase,1,n,SilwoodField,pink,2,26.5,17,24.1,-140,26.2,-140,n,na,na
localized_1m_wN_Pink_t02.wav,printedCase,1,n,SilwoodField,pink,2,26.5,18,24.9,115,27,115,n,na,na
localized_1m_wN_Pink_t02.wav,printedCase,1,n,SilwoodField,pink,2,26.5,19,26.5,-50,29.2,-50,n,na,na
localized_1m_wN_Pink_t02.wav,printedCase,1,n,SilwoodField,pink,2,26.5,20,27.3,-70,29.4,-70,n,na,na
localized_1m_wN_Pink_t02.wav,printedCase,1,n,SilwoodField,pink,2,26.5,21,29.3,70,31.4,70,n,na,na
localized_1m_wN_Pink_t02.wav,printedCase,1,n,SilwoodField,pink,2,26.5,22,29.9,115,37,115,y,120,-5
localized_1m_wN_Pink_t02.wav,printedCase,1,n,SilwoodField,pink,2,26.5,23,35.5,75,37.6,75,n,na,na
localized_1m_wN_Pink_t02.wav,printedCase,1,n,SilwoodField,pink,2,26.5,24,35.9,115,40.2,155,n,na,na
localized_1m_wN_Pink_t02.wav,printedCase,1,n,SilwoodField,pink,2,26.5,25,36.1,-120,38.2,-120,n,na,na
localized_1m_wN_Pink_t02.wav,printedCase,1,n,SilwoodField,pink,2,26.5,26,37.5,-40,39.6,-40,n,na,na
localized_1m_wN_Pink_t02.wav,printedCase,1,n,SilwoodField,pink,2,26.5,27,39.5,70,41.6,70,n,na,na
localized_1m_wN_Pink_t02.wav,printedCase,1,n,SilwoodField,pink,2,26.5,28,41.1,-50,43.2,-50,n,na,na
localized_1m_wN_Pink_t02.wav,printedCase,1,n,SilwoodField,pink,2,26.5,29,41.5,70,43.6,70,n,na,na
localized_1m_wN_Pink_t02.wav,printedCase,1,n,SilwoodField,pink,2,26.5,30,42.1,-50,44.2,-50,n,na,na
localized_1m_wN_Pink_t02.wav,printedCase,1,n,SilwoodField,pink,2,26.5,31,44.3,70,46.4,70,n,na,na
localized_1m_wN_Pink_t02.wav,printedCase,1,n,SilwoodField,pink,2,26.5,32,44.7,160,51.8,160,y,165,-5
localized_1m_wN_Pink_t02.wav,printedCase,1,n,SilwoodField,pink,2,26.5,33,50.7,-40,53.2,-50,n,na,na
localized_1m_wN_Pink_t02.wav,printedCase,1,n,SilwoodField,pink,2,26.5,34,51.3,175,54,-170,n,na,na
localized_1m_wN_Pink_t02.wav,printedCase,1,n,SilwoodField,pink,2,26.5,35,52.1,30,54.4,30,n,na,na
localized_1m_wN_Pink_t02.wav,printedCase,1,n,SilwoodField,pink,2,26.5,36,52.7,-135,54.8,-135,n,na,na
localized_1m_wN_Pink_t02.wav,printedCase,1,n,SilwoodField,pink,2,26.5,37,59.7,-155,66.6,-150,y,-150,-5
localized_1m_wN_Pink_t02.wav,printedCase,1,n,SilwoodField,pink,2,26.5,38,66.1,-135,68.6,-130,n,na,na
localized_1m_wN_Pink_t02.wav,printedCase,1,n,SilwoodField,pink,2,26.5,39,66.3,-115,68.4,-115,n,na,na
localized_1m_wN_Pink_t02.wav,printedCase,1,n,SilwoodField,pink,2,26.5,40,67.1,-85,70.6,-65,n,na,na
localized_1m_wN_Pink_t02.wav,printedCase,1,n,SilwoodField,pink,2,26.5,41,67.5,90,69.6,90,n,na,na
localized_1m_wN_Pink_t02.wav,printedCase,1,n,SilwoodField,pink,2,26.5,42,68.7,35,70.8,35,n,na,na
localized_1m_wN_Pink_t02.wav,printedCase,1,n,SilwoodField,pink,2,26.5,43,68.9,-170,71,-170,n,na,na
localized_1m_wN_Pink_t02.wav,printedCase,1,n,SilwoodField,pink,2,26.5,44,69.3,-55,71.6,-50,n,na,na
localized_1m_wN_Pink_t02.wav,printedCase,1,n,SilwoodField,pink,2,26.5,45,70.5,-50,73.2,-55,n,na,na
localized_1m_wN_Pink_t02.wav,printedCase,1,n,SilwoodField,pink,2,26.5,46,71.3,70,73.6,75,n,na,na
localized_1m_wN_Pink_t02.wav,printedCase,1,n,SilwoodField,pink,2,26.5,47,74.3,175,76.4,175,n,na,na
localized_1m_wN_Pink_t02.wav,printedCase,1,n,SilwoodField,pink,2,26.5,48,74.5,-60,81.6,-60,y,-60,0
localized_1m_wY_Bird_t01.wav,printedCase,1,y,SilwoodField,bird,1,26.5,0,3.5,35,5.6,35,n,na,na
localized_1m_wY_Bird_t01.wav,printedCase,1,y,SilwoodField,bird,1,26.5,1,4.5,30,7,30,n,na,na
localized_1m_wY_Bird_t01.wav,printedCase,1,y,SilwoodField,bird,1,26.5,2,6.3,30,10,30,y,30,0
localized_1m_wY_Bird_t01.wav,printedCase,1,y,SilwoodField,bird,1,26.5,3,7.7,-150,10.2,-150,n,na,na
localized_1m_wY_Bird_t01.wav,printedCase,1,y,SilwoodField,bird,1,26.5,4,15.1,30,20.8,30,y,30,0
localized_1m_wY_Bird_t01.wav,printedCase,1,y,SilwoodField,bird,1,26.5,5,20.1,55,22.6,45,n,na,na
localized_1m_wY_Bird_t01.wav,printedCase,1,y,SilwoodField,bird,1,26.5,6,20.9,100,24.6,130,n,na,na
localized_1m_wY_Bird_t01.wav,printedCase,1,y,SilwoodField,bird,1,26.5,7,28.3,120,33.8,120,y,120,0
localized_1m_wY_Bird_t01.wav,printedCase,1,y,SilwoodField,bird,1,26.5,8,33.3,150,36,170,n,na,na
localized_1m_wY_Bird_t01.wav,printedCase,1,y,SilwoodField,bird,1,26.5,9,34.1,85,36.2,85,n,na,na
localized_1m_wY_Bird_t01.wav,printedCase,1,y,SilwoodField,bird,1,26.5,10,43.1,165,45.8,165,n,na,na
localized_1m_wY_Bird_t01.wav,printedCase,1,y,SilwoodField,bird,1,26.5,11,43.9,80,48.4,80,y,165,-85
localized_1m_wY_Bird_t01.wav,printedCase,1,y,SilwoodField,bird,1,26.5,12,44.5,165,46.8,165,n,na,na
localized_1m_wY_Bird_t01.wav,printedCase,1,y,SilwoodField,bird,1,26.5,13,45.9,165,48.6,170,n,na,na
localized_1m_wY_Bird_t01.wav,printedCase,1,y,SilwoodField,bird,1,26.5,14,47.5,160,49.8,155,n,na,na
localized_1m_wY_Bird_t01.wav,printedCase,1,y,SilwoodField,bird,1,26.5,15,48.1,50,50.2,50,n,na,na
localized_1m_wY_Bird_t01.wav,printedCase,1,y,SilwoodField,bird,1,26.5,16,48.9,25,51.4,30,n,na,na
localized_1m_wY_Bird_t01.wav,printedCase,1,y,SilwoodField,bird,1,26.5,17,58.3,-150,64.4,-145,y,-150,0
localized_1m_wY_Bird_t01.wav,printedCase,1,y,SilwoodField,bird,1,26.5,18,62.9,135,65,135,n,na,na
localized_1m_wY_Bird_t01.wav,printedCase,1,y,SilwoodField,bird,1,26.5,19,73.3,-60,78.6,-60,y,-60,0
localized_1m_wY_Bird_t01.wav,printedCase,1,y,SilwoodField,bird,1,26.5,20,78.7,-55,80.2,-55,n,na,na
localized_1m_wY_Bird_t02-PARTIAL.wav,printedCase,1,y,SilwoodField,bird,2,26.5,0,-0.3,25,2.6,40,n,na,na
localized_1m_wY_Bird_t02-PARTIAL.wav,printedCase,1,y,SilwoodField,bird,2,26.5,1,5.7,30,8,30,n,na,na
localized_1m_wY_Bird_t02-PARTIAL.wav,printedCase,1,y,SilwoodField,bird,2,26.5,2,7.1,30,11,35,y,30,0
localized_1m_wY_Bird_t02-PARTIAL.wav,printedCase,1,y,SilwoodField,bird,2,26.5,3,9.1,-150,11.2,-150,n,na,na
localized_1m_wY_Bird_t02-PARTIAL.wav,printedCase,1,y,SilwoodField,bird,2,26.5,4,16.1,30,21.8,30,y,30,0
localized_1m_wY_Bird_t02-PARTIAL.wav,printedCase,1,y,SilwoodField,bird,2,26.5,5,20.9,40,25,110,n,na,na
localized_1m_wY_Bird_t02-PARTIAL.wav,printedCase,1,y,SilwoodField,bird,2,26.5,6,25.9,75,28,75,n,na,na
localized_1m_wY_Bird_t02-PARTIAL.wav,printedCase,1,y,SilwoodField,bird,2,26.5,7,28.9,75,31,75,n,na,na
localized_1m_wY_Bird_t02-PARTIAL.wav,printedCase,1,y,SilwoodField,bird,2,26.5,8,29.3,120,34.8,120,y,120,0
localized_1m_wY_Bird_t02-PARTIAL.wav,printedCase,1,y,SilwoodField,bird,2,26.5,9,33.9,135,36.6,145,n,na,na
localized_1m_wY_Bird_t02-PARTIAL.wav,printedCase,1,y,SilwoodField,bird,2,26.5,10,34.9,170,37.2,170,n,na,na
localized_1m_wY_Pink_t01.wav,printedCase,1,y,SilwoodField,pink,1,26.5,0,4.9,30,7.8,30,n,na,na
localized_1m_wY_Pink_t01.wav,printedCase,1,y,SilwoodField,pink,1,26.5,1,7.3,30,11,30,y,30,0
localized_1m_wY_Pink_t01.wav,printedCase,1,y,SilwoodField,pink,1,26.5,2,15.9,30,23,30,n,na,na
localized_1m_wY_Pink_t01.wav,printedCase,1,y,SilwoodField,pink,1,26.5,3,21.9,40,24.6,45,n,na,na
localized_1m_wY_Pink_t01.wav,printedCase,1,y,SilwoodField,pink,1,26.5,4,22.7,85,26,105,n,na,na
localized_1m_wY_Pink_t01.wav,printedCase,1,y,SilwoodField,pink,1,26.5,5,24.7,130,27,135,n,na,na
localized_1m_wY_Pink_t01.wav,printedCase,1,y,SilwoodField,pink,1,26.5,6,30.9,120,38,120,y,120,0
localized_1m_wY_Pink_t01.wav,printedCase,1,y,SilwoodField,pink,1,26.5,7,36.7,110,39,105,n,na,na
localized_1m_wY_Pink_t01.wav,printedCase,1,y,SilwoodField,pink,1,26.5,8,37.3,135,41,160,n,na,na
localized_1m_wY_Pink_t01.wav,printedCase,1,y,SilwoodField,pink,1,26.5,9,45.9,165,53,165,y,165,0
localized_1m_wY_Pink_t01.wav,printedCase,1,y,SilwoodField,pink,1,26.5,10,51.9,155,54,155,n,na,na
localized_1m_wY_Pink_t01.wav,printedCase,1,y,SilwoodField,pink,1,26.5,11,52.7,50,54.8,50,n,na,na
localized_1m_wY_Pink_t01.wav,printedCase,1,y,SilwoodField,pink,1,26.5,12,52.9,-170,55,-170,n,na,na
localized_1m_wY_Pink_t01.wav,printedCase,1,y,SilwoodField,pink,1,26.5,13,53.7,20,55.8,20,n,na,na
localized_1m_wY_Pink_t01.wav,printedCase,1,y,SilwoodField,pink,1,26.5,14,60.9,-150,68,-150,y,-150,0
localized_1m_wY_Pink_t01.wav,printedCase,1,y,SilwoodField,pink,1,26.5,15,66.5,10,68.6,10,n,na,na
localized_1m_wY_Pink_t01.wav,printedCase,1,y,SilwoodField,pink,1,26.5,16,66.7,-140,68.8,-140,n,na,na
localized_1m_wY_Pink_t01.wav,printedCase,1,y,SilwoodField,pink,1,26.5,17,69.3,-155,71.6,-155,n,na,na
localized_1m_wY_Pink_t01.wav,printedCase,1,y,SilwoodField,pink,1,26.5,18,75.9,-60,83,-60,y,-60,0
localized_1m_wY_Pink_t02.wav,printedCase,1,y,SilwoodField,pink,2,26.5,0,-0.1,0,4,40,n,na,na
localized_1m_wY_Pink_t02.wav,printedCase,1,y,SilwoodField,pink,2,26.5,1,0.1,-95,2.2,-95,n,na,na
localized_1m_wY_Pink_t02.wav,printedCase,1,y,SilwoodField,pink,2,26.5,2,4.9,30,7.2,30,n,na,na
localized_1m_wY_Pink_t02.wav,printedCase,1,y,SilwoodField,pink,2,26.5,3,6.7,30,10.2,30,y,30,0
localized_1m_wY_Pink_t02.wav,printedCase,1,y,SilwoodField,pink,2,26.5,4,8.3,-150,10.4,-150,n,na,na
localized_1m_wY_Pink_t02.wav,printedCase,1,y,SilwoodField,pink,2,26.5,5,15.3,30,22.4,30,y,30,0
localized_1m_wY_Pink_t02.wav,printedCase,1,y,SilwoodField,pink,2,26.5,6,21.9,70,25.6,110,n,na,na
localized_1m_wY_Pink_t02.wav,printedCase,1,y,SilwoodField,pink,2,26.5,7,22.7,105,24.8,105,n,na,na
localized_1m_wY_Pink_t02.wav,printedCase,1,y,SilwoodField,pink,2,26.5,8,23.9,135,26.4,130,n,na,na
localized_1m_wY_Pink_t02.wav,printedCase,1,y,SilwoodField,pink,2,26.5,9,30.3,120,37.4,120,y,120,0
localized_1m_wY_Pink_t02.wav,printedCase,1,y,SilwoodField,pink,2,26.5,10,36.3,115,38.4,115,n,na,na
localized_1m_wY_Pink_t02.wav,printedCase,1,y,SilwoodField,pink,2,26.5,11,36.7,140,40.2,160,n,na,na
localized_1m_wY_Pink_t02.wav,printedCase,1,y,SilwoodField,pink,2,26.5,12,37.7,-175,39.8,-175,n,na,na
localized_1m_wY_Pink_t02.wav,printedCase,1,y,SilwoodField,pink,2,26.5,13,45.3,80,48,80,n,na,na
localized_1m_wY_Pink_t02.wav,printedCase,1,y,SilwoodField,pink,2,26.5,14,46.1,165,52.4,165,y,165,0
localized_1m_wY_Pink_t02.wav,printedCase,1,y,SilwoodField,pink,2,26.5,15,51.3,160,53.6,160,n,na,na
localized_1m_wY_Pink_t02.wav,printedCase,1,y,SilwoodField,pink,2,26.5,16,52.3,55,54.4,55,n,na,na
localized_1m_wY_Pink_t02.wav,printedCase,1,y,SilwoodField,pink,2,26.5,17,52.7,-140,54.8,-140,n,na,na
localized_1m_wY_Pink_t02.wav,printedCase,1,y,SilwoodField,pink,2,26.5,18,60.3,-150,68,-140,y,-150,0
localized_1m_wY_Pink_t02.wav,printedCase,1,y,SilwoodField,pink,2,26.5,19,66.7,-20,68.8,-20,n,na,na
localized_1m_wY_Pink_t02.wav,printedCase,1,y,SilwoodField,pink,2,26.5,20,67.9,-60,70.2,-60,n,na,na
localized_1m_wY_Pink_t02.wav,printedCase,1,y,SilwoodField,pink,2,26.5,21,68.5,-160,70.6,-160,n,na,na
localized_1m_wY_Pink_t02.wav,printedCase,1,y,SilwoodField,pink,2,26.5,22,70.1,25,74,10,n,na,na
localized_1m_wY_Pink_t02.wav,printedCase,1,y,SilwoodField,pink,2,26.5,23,72.7,-125,74.8,-125,n,na,na
localized_1m_wY_Pink_t02.wav,printedCase,1,y,SilwoodField,pink,2,26.5,24,72.9,-5,75,-5,n,na,na
localized_1m_wY_Pink_t02.wav,printedCase,1,y,SilwoodField,pink,2,26.5,25,73.7,150,75.8,150,n,na,na
localized_1m_wY_Pink_t02.wav,printedCase,1,y,SilwoodField,pink,2,26.5,26,74.5,-175,76.8,-175,n,na,na
localized_1m_wY_Pink_t02.wav,printedCase,1,y,SilwoodField,pink,2,26.5,27,75.3,-60,82.2,-60,y,-60,0
localized_2m_wN_Bird_t01.wav,printedCase,2,n,SilwoodField,bird,1,26.5,0,-0.3,25,3,25,n,na,na
localized_2m_wN_Bird_t01.wav,printedCase,2,n,SilwoodField,bird,1,26.5,1,0.3,-150,2.4,-150,n,na,na
localized_2m_wN_Bird_t01.wav,printedCase,2,n,SilwoodField,bird,1,26.5,2,3.3,25,8.6,30,y,30,-5
localized_2m_wN_Bird_t01.wav,printedCase,2,n,SilwoodField,bird,1,26.5,3,6.7,-145,9.2,-150,n,na,na
localized_2m_wN_Bird_t01.wav,printedCase,2,n,SilwoodField,bird,1,26.5,4,7.3,25,9.6,25,n,na,na
localized_2m_wN_Bird_t01.wav,printedCase,2,n,SilwoodField,bird,1,26.5,5,8.3,90,10.4,90,n,na,na
localized_2m_wN_Bird_t01.wav,printedCase,2,n,SilwoodField,bird,1,26.5,6,14.3,30,21.8,50,y,30,0
localized_2m_wN_Bird_t01.wav,printedCase,2,n,SilwoodField,bird,1,26.5,7,18.9,-145,21,-145,n,na,na
localized_2m_wN_Bird_t01.wav,printedCase,2,n,SilwoodField,bird,1,26.5,8,19.5,-35,21.6,-35,n,na,na
localized_2m_wN_Bird_t01.wav,printedCase,2,n,SilwoodField,bird,1,26.5,9,19.9,70,23.4,110,n,na,na
localized_2m_wN_Bird_t01.wav,printedCase,2,n,SilwoodField,bird,1,26.5,10,20.7,105,23,105,n,na,na
localized_2m_wN_Bird_t01.wav,printedCase,2,n,SilwoodField,bird,1,26.5,11,21.5,15,24.2,15,n,na,na
localized_2m_wN_Bird_t01.wav,printedCase,2,n,SilwoodField,bird,1,26.5,12,22.3,115,25,120,n,na,na
localized_2m_wN_Bird_t01.wav,printedCase,2,n,SilwoodField,bird,1,26.5,13,22.5,-135,24.8,-135,n,na,na
localized_2m_wN_Bird_t01.wav,printedCase,2,n,SilwoodField,bird,1,26.5,14,27.5,120,33,120,y,120,0
localized_2m_wN_Bird_t01.wav,printedCase,2,n,SilwoodField,bird,1,26.5,15,31.1,90,33.2,90,n,na,na
localized_2m_wN_Bird_t01.wav,printedCase,2,n,SilwoodField,bird,1,26.5,16,31.5,15,34,15,n,na,na
localized_2m_wN_Bird_t01.wav,printedCase,2,n,SilwoodField,bird,1,26.5,17,32.3,135,35.4,150,n,na,na
localized_2m_wN_Bird_t01.wav,printedCase,2,n,SilwoodField,bird,1,26.5,18,33.7,-40,36.6,-50,n,na,na
localized_2m_wN_Bird_t01.wav,printedCase,2,n,SilwoodField,bird,1,26.5,19,34.7,170,36.8,170,n,na,na
localized_2m_wN_Bird_t01.wav,printedCase,2,n,SilwoodField,bird,1,26.5,20,37.1,90,40,95,n,na,na
localized_2m_wN_Bird_t01.wav,printedCase,2,n,SilwoodField,bird,1,26.5,21,42.5,165,48,160,y,165,0
localized_2m_wN_Bird_t01.wav,printedCase,2,n,SilwoodField,bird,1,26.5,22,46.9,160,49,160,n,na,na
localized_2m_wN_Bird_t01.wav,printedCase,2,n,SilwoodField,bird,1,26.5,23,47.3,65,50.2,50,n,na,na
localized_2m_wN_Bird_t01.wav,printedCase,2,n,SilwoodField,bird,1,26.5,24,47.5,-80,49.6,-80,n,na,na
localized_2m_wN_Bird_t01.wav,printedCase,2,n,SilwoodField,bird,1,26.5,25,47.9,-165,51.6,-145,n,na,na
localized_2m_wN_Bird_t01.wav,printedCase,2,n,SilwoodField,bird,1,26.5,26,49.7,30,51.8,30,n,na,na
localized_2m_wN_Bird_t01.wav,printedCase,2,n,SilwoodField,bird,1,26.5,27,51.5,-150,54,-150,n,na,na
localized_2m_wN_Bird_t01.wav,printedCase,2,n,SilwoodField,bird,1,26.5,28,53.5,90,55.8,95,n,na,na
localized_2m_wN_Bird_t01.wav,printedCase,2,n,SilwoodField,bird,1,26.5,29,55.5,-150,57.8,-150,n,na,na
localized_2m_wN_Bird_t01.wav,printedCase,2,n,SilwoodField,bird,1,26.5,30,57.3,-155,65.4,-120,y,-150,-5
localized_2m_wN_Bird_t01.wav,printedCase,2,n,SilwoodField,bird,1,26.5,31,61.5,30,63.6,30,n,na,na
localized_2m_wN_Bird_t01.wav,printedCase,2,n,SilwoodField,bird,1,26.5,32,63.1,-25,65.6,-30,n,na,na
localized_2m_wN_Bird_t01.wav,printedCase,2,n,SilwoodField,bird,1,26.5,33,63.7,-95,66.6,-75,n,na,na
localized_2m_wN_Bird_t01.wav,printedCase,2,n,SilwoodField,bird,1,26.5,34,64.7,-155,68,-170,n,na,na
localized_2m_wN_Bird_t01.wav,printedCase,2,n,SilwoodField,bird,1,26.5,35,65.1,60,68.2,50,n,na,na
localized_2m_wN_Bird_t01.wav,printedCase,2,n,SilwoodField,bird,1,26.5,36,72.3,-60,78,-60,y,-60,0
localized_2m_wN_Bird_t01.wav,printedCase,2,n,SilwoodField,bird,1,26.5,37,76.5,-120,78,-120,n,na,na
localized_2m_wN_Bird_t02.wav,printedCase,2,n,SilwoodField,bird,2,26.5,0,-0.1,30,3.2,30,n,na,na
localized_2m_wN_Bird_t02.wav,printedCase,2,n,SilwoodField,bird,2,26.5,1,1.5,-160,3.6,-160,n,na,na
localized_2m_wN_Bird_t02.wav,printedCase,2,n,SilwoodField,bird,2,26.5,2,4.5,25,10,30,y,30,-5
localized_2m_wN_Bird_t02.wav,printedCase,2,n,SilwoodField,bird,2,26.5,3,8.1,-150,10.4,-150,n,na,na
localized_2m_wN_Bird_t02.wav,printedCase,2,n,SilwoodField,bird,2,26.5,4,8.7,25,11,30,n,na,na
localized_2m_wN_Bird_t02.wav,printedCase,2,n,SilwoodField,bird,2,26.5,5,11.5,-160,13.6,-160,n,na,na
localized_2m_wN_Bird_t02.wav,printedCase,2,n,SilwoodField,bird,2,26.5,6,15.7,30,21.4,25,y,30,0
localized_2m_wN_Bird_t02.wav,printedCase,2,n,SilwoodField,bird,2,26.5,7,20.3,25,26,115,n,na,na
localized_2m_wN_Bird_t02.wav,printedCase,2,n,SilwoodField,bird,2,26.5,8,23.7,20,26.2,20,n,na,na
localized_2m_wN_Bird_t02.wav,printedCase,2,n,SilwoodField,bird,2,26.5,9,24.3,-135,26.8,-130,n,na,na
localized_2m_wN_Bird_t02.wav,printedCase,2,n,SilwoodField,bird,2,26.5,10,27.5,70,29.6,70,n,na,na
localized_2m_wN_Bird_t02.wav,printedCase,2,n,SilwoodField,bird,2,26.5,11,28.7,120,34.4,120,y,120,0
localized_2m_wN_Bird_t02.wav,printedCase,2,n,SilwoodField,bird,2,26.5,12,33.1,115,38.8,160,n,na,na
localized_2m_wN_Bird_t02.wav,printedCase,2,n,SilwoodField,bird,2,26.5,13,33.3,15,35.4,15,n,na,na
localized_2m_wN_Bird_t02.wav,printedCase,2,n,SilwoodField,bird,2,26.5,14,35.9,-45,38.6,-45,n,na,na
localized_2m_wN_Bird_t02.wav,printedCase,2,n,SilwoodField,bird,2,26.5,15,43.3,160,50.6,165,y,165,-5
localized_2m_wN_Bird_t02.wav,printedCase,2,n,SilwoodField,bird,2,26.5,16,47.9,85,50.2,80,n,na,na
localized_2m_wN_Bird_t02.wav,printedCase,2,n,SilwoodField,bird,2,26.5,17,48.7,-75,50.8,-75,n,na,na
localized_2m_wN_Bird_t02.wav,printedCase,2,n,SilwoodField,bird,2,26.5,18,48.9,-170,52.8,-155,n,na,na
localized_2m_wN_Bird_t02.wav,printedCase,2,n,SilwoodField,bird,2,26.5,19,49.5,35,51.6,35,n,na,na
localized_2m_wN_Bird_t02.wav,printedCase,2,n,SilwoodField,bird,2,26.5,20,54.3,85,56.4,85,n,na,na
localized_2m_wN_Bird_t02.wav,printedCase,2,n,SilwoodField,bird,2,26.5,21,54.5,-160,56.6,-160,n,na,na
localized_2m_wN_Bird_t02.wav,printedCase,2,n,SilwoodField,bird,2,26.5,22,55.3,90,57.6,90,n,na,na
localized_2m_wN_Bird_t02.wav,printedCase,2,n,SilwoodField,bird,2,26.5,23,58.3,-150,65.2,-160,y,-150,0
localized_2m_wN_Bird_t02.wav,printedCase,2,n,SilwoodField,bird,2,26.5,24,62.1,85,64.2,85,n,na,na
localized_2m_wN_Bird_t02.wav,printedCase,2,n,SilwoodField,bird,2,26.5,25,63.3,-135,65.6,-135,n,na,na
localized_2m_wN_Bird_t02.wav,printedCase,2,n,SilwoodField,bird,2,26.5,26,63.7,145,65.8,145,n,na,na
localized_2m_wN_Bird_t02.wav,printedCase,2,n,SilwoodField,bird,2,26.5,27,63.9,-115,67,-95,n,na,na
localized_2m_wN_Bird_t02.wav,printedCase,2,n,SilwoodField,bird,2,26.5,28,64.5,-30,66.6,-30,n,na,na
localized_2m_wN_Bird_t02.wav,printedCase,2,n,SilwoodField,bird,2,26.5,29,65.1,70,69,55,n,na,na
localized_2m_wN_Bird_t02.wav,printedCase,2,n,SilwoodField,bird,2,26.5,30,65.5,-75,67.6,-75,n,na,na
localized_2m_wN_Bird_t02.wav,printedCase,2,n,SilwoodField,bird,2,26.5,31,66.1,-160,68.6,-160,n,na,na
localized_2m_wN_Bird_t02.wav,printedCase,2,n,SilwoodField,bird,2,26.5,32,69.1,-160,71.2,-160,n,na,na
localized_2m_wN_Bird_t02.wav,printedCase,2,n,SilwoodField,bird,2,26.5,33,69.7,90,71.8,90,n,na,na
localized_2m_wN_Bird_t02.wav,printedCase,2,n,SilwoodField,bird,2,26.5,34,70.3,-35,72.4,-35,n,na,na
localized_2m_wN_Bird_t02.wav,printedCase,2,n,SilwoodField,bird,2,26.5,35,70.7,170,72.8,170,n,na,na
localized_2m_wN_Bird_t02.wav,printedCase,2,n,SilwoodField,bird,2,26.5,36,73.3,-60,79,-60,y,-60,0
localized_2m_wN_Pink_t01.wav,printedCase,2,n,SilwoodField,pink,1,26.5,0,3.1,30,9.6,25,y,30,0
localized_2m_wN_Pink_t01.wav,printedCase,2,n,SilwoodField,pink,1,26.5,1,6.9,-150,9,-150,n,na,na
localized_2m_wN_Pink_t01.wav,printedCase,2,n,SilwoodField,pink,1,26.5,2,14.3,25,21.4,25,y,30,-5
localized_2m_wN_Pink_t01.wav,printedCase,2,n,SilwoodField,pink,1,26.5,3,20.1,-140,22.2,-140,n,na,na
localized_2m_wN_Pink_t01.wav,printedCase,2,n,SilwoodField,pink,1,26.5,4,20.7,-160,22.8,-160,n,na,na
localized_2m_wN_Pink_t01.wav,printedCase,2,n,SilwoodField,pink,1,26.5,5,20.9,40,23.2,45,n,na,na
localized_2m_wN_Pink_t01.wav,printedCase,2,n,SilwoodField,pink,1,26.5,6,21.3,165,23.4,165,n,na,na
localized_2m_wN_Pink_t01.wav,printedCase,2,n,SilwoodField,pink,1,26.5,7,21.5,75,26.6,125,n,na,na
localized_2m_wN_Pink_t01.wav,printedCase,2,n,SilwoodField,pink,1,26.5,8,21.9,-85,24,-85,n,na,na
localized_2m_wN_Pink_t01.wav,printedCase,2,n,SilwoodField,pink,1,26.5,9,23.3,20,25.4,20,n,na,na
localized_2m_wN_Pink_t01.wav,printedCase,2,n,SilwoodField,pink,1,26.5,10,23.9,-135,26.2,-135,n,na,na
localized_2m_wN_Pink_t01.wav,printedCase,2,n,SilwoodField,pink,1,26.5,11,28.7,120,36.4,120,y,120,0
localized_2m_wN_Pink_t01.wav,printedCase,2,n,SilwoodField,pink,1,26.5,12,35.1,120,40.4,165,n,na,na
localized_2m_wN_Pink_t01.wav,printedCase,2,n,SilwoodField,pink,1,26.5,13,35.3,15,37.4,15,n,na,na
localized_2m_wN_Pink_t01.wav,printedCase,2,n,SilwoodField,pink,1,26.5,14,40.3,115,42.6,115,n,na,na
localized_2m_wN_Pink_t01.wav,printedCase,2,n,SilwoodField,pink,1,26.5,15,43.7,-30,46,-30,n,na,na
localized_2m_wN_Pink_t01.wav,printedCase,2,n,SilwoodField,pink,1,26.5,16,44.3,165,51.4,165,y,165,0
localized_2m_wN_Pink_t01.wav,printedCase,2,n,SilwoodField,pink,1,26.5,17,50.3,160,54.2,-165,n,na,na
localized_2m_wN_Pink_t01.wav,printedCase,2,n,SilwoodField,pink,1,26.5,18,50.7,-45,52.8,-45,n,na,na
localized_2m_wN_Pink_t01.wav,printedCase,2,n,SilwoodField,pink,1,26.5,19,52.5,35,55.4,20,n,na,na
localized_2m_wN_Pink_t01.wav,printedCase,2,n,SilwoodField,pink,1,26.5,20,52.9,-155,55.8,-145,n,na,na
localized_2m_wN_Pink_t01.wav,printedCase,2,n,SilwoodField,pink,1,26.5,21,54.5,-35,56.6,-35,n,na,na
localized_2m_wN_Pink_t01.wav,printedCase,2,n,SilwoodField,pink,1,26.5,22,59.3,-150,66.4,-150,y,-150,0
localized_2m_wN_Pink_t01.wav,printedCase,2,n,SilwoodField,pink,1,26.5,23,65.1,-145,68.2,-135,n,na,na
localized_2m_wN_Pink_t01.wav,printedCase,2,n,SilwoodField,pink,1,26.5,24,66.3,-115,70,-80,n,na,na
localized_2m_wN_Pink_t01.wav,printedCase,2,n,SilwoodField,pink,1,26.5,25,68.1,-155,70.2,-155,n,na,na
localized_2m_wN_Pink_t01.wav,printedCase,2,n,SilwoodField,pink,1,26.5,26,68.3,55,70.4,55,n,na,na
localized_2m_wN_Pink_t01.wav,printedCase,2,n,SilwoodField,pink,1,26.5,27,68.7,35,71.4,50,n,na,na
localized_2m_wN_Pink_t01.wav,printedCase,2,n,SilwoodField,pink,1,26.5,28,69.1,-175,71.2,-175,n,na,na
localized_2m_wN_Pink_t01.wav,printedCase,2,n,SilwoodField,pink,1,26.5,29,69.9,105,72,105,n,na,na
localized_2m_wN_Pink_t01.wav,printedCase,2,n,SilwoodField,pink,1,26.5,30,74.3,-60,81.4,-60,y,-60,0
localized_2m_wN_Pink_t02.wav,printedCase,2,n,SilwoodField,pink,2,26.5,0,-0.3,30,2,30,n,na,na
localized_2m_wN_Pink_t02.wav,printedCase,2,n,SilwoodField,pink,2,26.5,1,3.7,25,6.2,30,n,,25
localized_2m_wN_Pink_t02.wav,printedCase,2,n,SilwoodField,pink,2,26.5,2,4.5,-150,6.8,-145,n,na,na
localized_2m_wN_Pink_t02.wav,printedCase,2,n,SilwoodField,pink,2,26.5,3,4.9,30,10,30,y,30,0
localized_2m_wN_Pink_t02.wav,printedCase,2,n,SilwoodField,pink,2,26.5,4,7.5,-150,9.6,-150,n,na,na
localized_2m_wN_Pink_t02.wav,printedCase,2,n,SilwoodField,pink,2,26.5,5,14.7,30,21.8,30,y,30,0
localized_2m_wN_Pink_t02.wav,printedCase,2,n,SilwoodField,pink,2,26.5,6,20.7,-140,22.8,-140,n,na,na
localized_2m_wN_Pink_t02.wav,printedCase,2,n,SilwoodField,pink,2,26.5,7,21.3,40,23.6,40,n,na,na
localized_2m_wN_Pink_t02.wav,printedCase,2,n,SilwoodField,pink,2,26.5,8,21.7,-50,24,-65,n,na,na
localized_2m_wN_Pink_t02.wav,printedCase,2,n,SilwoodField,pink,2,26.5,9,22.1,75,24.8,90,n,na,na
localized_2m_wN_Pink_t02.wav,printedCase,2,n,SilwoodField,pink,2,26.5,10,23.3,25,26,15,n,na,na
localized_2m_wN_Pink_t02.wav,printedCase,2,n,SilwoodField,pink,2,26.5,11,23.5,105,27,120,n,na,na
localized_2m_wN_Pink_t02.wav,printedCase,2,n,SilwoodField,pink,2,26.5,12,26.9,-130,29.2,-130,n,na,na
localized_2m_wN_Pink_t02.wav,printedCase,2,n,SilwoodField,pink,2,26.5,13,27.3,120,29.4,120,n,na,na
localized_2m_wN_Pink_t02.wav,printedCase,2,n,SilwoodField,pink,2,26.5,14,28.5,-110,30.6,-110,n,na,na
localized_2m_wN_Pink_t02.wav,printedCase,2,n,SilwoodField,pink,2,26.5,15,29.7,120,36.8,120,y,120,0
localized_2m_wN_Pink_t02.wav,printedCase,2,n,SilwoodField,pink,2,26.5,16,35.7,-125,37.8,-125,n,na,na
localized_2m_wN_Pink_t02.wav,printedCase,2,n,SilwoodField,pink,2,26.5,17,35.9,120,41,165,n,na,na
localized_2m_wN_Pink_t02.wav,printedCase,2,n,SilwoodField,pink,2,26.5,18,37.7,-40,40,-40,n,na,na
localized_2m_wN_Pink_t02.wav,printedCase,2,n,SilwoodField,pink,2,26.5,19,39.7,-10,41.8,-10,n,na,na
localized_2m_wN_Pink_t02.wav,printedCase,2,n,SilwoodField,pink,2,26.5,20,40.5,90,42.6,90,n,na,na
localized_2m_wN_Pink_t02.wav,printedCase,2,n,SilwoodField,pink,2,26.5,21,44.7,165,51.8,165,y,165,0
localized_2m_wN_Pink_t02.wav,printedCase,2,n,SilwoodField,pink,2,26.5,22,51.5,-55,54.4,-75,n,na,na
localized_2m_wN_Pink_t02.wav,printedCase,2,n,SilwoodField,pink,2,26.5,23,51.9,170,54.2,170,n,na,na
localized_2m_wN_Pink_t02.wav,printedCase,2,n,SilwoodField,pink,2,26.5,24,52.5,45,54.8,45,n,na,na
localized_2m_wN_Pink_t02.wav,printedCase,2,n,SilwoodField,pink,2,26.5,25,52.9,-160,55,-160,n,na,na
localized_2m_wN_Pink_t02.wav,printedCase,2,n,SilwoodField,pink,2,26.5,26,53.5,25,56,30,n,na,na
localized_2m_wN_Pink_t02.wav,printedCase,2,n,SilwoodField,pink,2,26.5,27,57.1,110,59.2,110,n,na,na
localized_2m_wN_Pink_t02.wav,printedCase,2,n,SilwoodField,pink,2,26.5,28,57.5,140,59.6,140,n,na,na
localized_2m_wN_Pink_t02.wav,printedCase,2,n,SilwoodField,pink,2,26.5,29,59.7,-150,66.8,-150,y,-150,0
localized_2m_wN_Pink_t02.wav,printedCase,2,n,SilwoodField,pink,2,26.5,30,65.9,35,68,35,n,na,na
localized_2m_wN_Pink_t02.wav,printedCase,2,n,SilwoodField,pink,2,26.5,31,66.1,-150,69,-130,n,na,na
localized_2m_wN_Pink_t02.wav,printedCase,2,n,SilwoodField,pink,2,26.5,32,66.5,140,68.6,140,n,na,na
localized_2m_wN_Pink_t02.wav,printedCase,2,n,SilwoodField,pink,2,26.5,33,67.1,-25,69.2,-25,n,na,na
localized_2m_wN_Pink_t02.wav,printedCase,2,n,SilwoodField,pink,2,26.5,34,67.3,-110,71,-70,n,na,na
localized_2m_wN_Pink_t02.wav,printedCase,2,n,SilwoodField,pink,2,26.5,35,69.1,-165,72.2,-170,n,na,na
localized_2m_wN_Pink_t02.wav,printedCase,2,n,SilwoodField,pink,2,26.5,36,69.7,50,71.8,50,n,na,na
localized_2m_wN_Pink_t02.wav,printedCase,2,n,SilwoodField,pink,2,26.5,37,70.9,-60,73,-60,n,na,na
localized_2m_wN_Pink_t02.wav,printedCase,2,n,SilwoodField,pink,2,26.5,38,74.7,-60,81.8,-60,y,-60,0
localized_4m_wN_Bird_t01.wav,printedCase,4,n,SilwoodField,bird,1,26.5,0,4.9,25,10,30,y,30,-5
localized_4m_wN_Bird_t01.wav,printedCase,4,n,SilwoodField,bird,1,26.5,1,7.5,-150,9.6,-150,n,na,na
localized_4m_wN_Bird_t01.wav,printedCase,4,n,SilwoodField,bird,1,26.5,2,14.9,30,20.4,30,y,30,0
localized_4m_wN_Bird_t01.wav,printedCase,4,n,SilwoodField,bird,1,26.5,3,20.1,-145,22.2,-145,n,na,na
localized_4m_wN_Bird_t01.wav,printedCase,4,n,SilwoodField,bird,1,26.5,4,20.5,35,29,120,n,na,na
localized_4m_wN_Bird_t01.wav,printedCase,4,n,SilwoodField,bird,1,26.5,5,21.3,-40,23.8,-45,n,na,na
localized_4m_wN_Bird_t01.wav,printedCase,4,n,SilwoodField,bird,1,26.5,6,22.3,-70,24.4,-70,n,na,na
localized_4m_wN_Bird_t01.wav,printedCase,4,n,SilwoodField,bird,1,26.5,7,23.3,-90,25.4,-90,n,na,na
localized_4m_wN_Bird_t01.wav,printedCase,4,n,SilwoodField,bird,1,26.5,8,30.1,125,35.2,125,y,120,5
localized_4m_wN_Bird_t01.wav,printedCase,4,n,SilwoodField,bird,1,26.5,9,34.3,120,39.6,160,n,na,na
localized_4m_wN_Bird_t01.wav,printedCase,4,n,SilwoodField,bird,1,26.5,10,44.9,165,49,165,y,165,0
localized_4m_wN_Bird_t01.wav,printedCase,4,n,SilwoodField,bird,1,26.5,11,45.1,-45,49.8,-45,n,na,na
localized_4m_wN_Bird_t01.wav,printedCase,4,n,SilwoodField,bird,1,26.5,12,47.9,165,50.4,160,n,na,na
localized_4m_wN_Bird_t01.wav,printedCase,4,n,SilwoodField,bird,1,26.5,13,49.1,-45,51.2,-45,n,na,na
localized_4m_wN_Bird_t01.wav,printedCase,4,n,SilwoodField,bird,1,26.5,14,49.7,80,51.8,80,n,na,na
localized_4m_wN_Bird_t01.wav,printedCase,4,n,SilwoodField,bird,1,26.5,15,49.9,165,55.8,-150,n,na,na
localized_4m_wN_Bird_t01.wav,printedCase,4,n,SilwoodField,bird,1,26.5,16,50.5,-75,53.4,-85,n,na,na
localized_4m_wN_Bird_t01.wav,printedCase,4,n,SilwoodField,bird,1,26.5,17,55.1,70,57.2,70,n,na,na
localized_4m_wN_Bird_t01.wav,printedCase,4,n,SilwoodField,bird,1,26.5,18,56.9,70,59,70,n,na,na
localized_4m_wN_Bird_t01.wav,printedCase,4,n,SilwoodField,bird,1,26.5,19,59.7,0,61.8,0,n,na,na
localized_4m_wN_Bird_t01.wav,printedCase,4,n,SilwoodField,bird,1,26.5,20,59.9,-150,62,-150,n,na,na
localized_4m_wN_Bird_t01.wav,printedCase,4,n,SilwoodField,bird,1,26.5,21,60.1,30,64.4,30,n,na,na
localized_4m_wN_Bird_t01.wav,printedCase,4,n,SilwoodField,bird,1,26.5,22,60.7,-150,63.4,-150,y,-150,0
localized_4m_wN_Bird_t01.wav,printedCase,4,n,SilwoodField,bird,1,26.5,23,62.1,-150,65.2,-150,n,na,na
localized_4m_wN_Bird_t01.wav,printedCase,4,n,SilwoodField,bird,1,26.5,24,63.3,30,65.4,30,n,na,na
localized_4m_wN_Bird_t01.wav,printedCase,4,n,SilwoodField,bird,1,26.5,25,63.9,-145,66,-145,n,na,na
localized_4m_wN_Bird_t01.wav,printedCase,4,n,SilwoodField,bird,1,26.5,26,64.7,-140,71.8,-60,n,na,na
localized_4m_wN_Bird_t01.wav,printedCase,4,n,SilwoodField,bird,1,26.5,27,65.3,140,67.4,140,n,na,na
localized_4m_wN_Bird_t01.wav,printedCase,4,n,SilwoodField,bird,1,26.5,28,67.7,65,69.8,65,n,na,na
localized_4m_wN_Bird_t01.wav,printedCase,4,n,SilwoodField,bird,1,26.5,29,69.3,55,71.4,55,n,na,na
localized_4m_wN_Bird_t01.wav,printedCase,4,n,SilwoodField,bird,1,26.5,30,70.1,70,72.2,70,n,na,na
localized_4m_wN_Bird_t01.wav,printedCase,4,n,SilwoodField,bird,1,26.5,31,74.3,-55,80,-55,y,-60,5
localized_4m_wN_Bird_t02.wav,printedCase,4,n,SilwoodField,bird,2,26.5,0,-0.3,65,3.6,70,n,na,na
localized_4m_wN_Bird_t02.wav,printedCase,4,n,SilwoodField,bird,2,26.5,1,2.3,75,7,75,n,na,na
localized_4m_wN_Bird_t02.wav,printedCase,4,n,SilwoodField,bird,2,26.5,2,4.5,35,10,35,y,30,5
localized_4m_wN_Bird_t02.wav,printedCase,4,n,SilwoodField,bird,2,26.5,3,7.5,-150,9.6,-150,n,na,na
localized_4m_wN_Bird_t02.wav,printedCase,4,n,SilwoodField,bird,2,26.5,4,11.9,70,16,70,n,na,na
localized_4m_wN_Bird_t02.wav,printedCase,4,n,SilwoodField,bird,2,26.5,5,14.9,30,20.6,30,y,30,0
localized_4m_wN_Bird_t02.wav,printedCase,4,n,SilwoodField,bird,2,26.5,6,18.9,-145,21.4,-145,n,na,na
localized_4m_wN_Bird_t02.wav,printedCase,4,n,SilwoodField,bird,2,26.5,7,19.7,70,21.8,70,n,na,na
localized_4m_wN_Bird_t02.wav,printedCase,4,n,SilwoodField,bird,2,26.5,8,19.9,40,27.6,125,n,na,na
localized_4m_wN_Bird_t02.wav,printedCase,4,n,SilwoodField,bird,2,26.5,9,20.5,-35,23,-35,n,na,na
localized_4m_wN_Bird_t02.wav,printedCase,4,n,SilwoodField,bird,2,26.5,10,21.5,-65,24.2,-85,n,na,na
localized_4m_wN_Bird_t02.wav,printedCase,4,n,SilwoodField,bird,2,26.5,11,23.9,15,26.6,10,n,na,na
localized_4m_wN_Bird_t02.wav,printedCase,4,n,SilwoodField,bird,2,26.5,12,24.7,-130,26.8,-130,n,na,na
localized_4m_wN_Bird_t02.wav,printedCase,4,n,SilwoodField,bird,2,26.5,13,28.1,125,33.6,125,y,120,5
localized_4m_wN_Bird_t02.wav,printedCase,4,n,SilwoodField,bird,2,26.5,14,32.3,120,38.4,165,n,na,na
localized_4m_wN_Bird_t02.wav,printedCase,4,n,SilwoodField,bird,2,26.5,15,32.5,-130,34.6,-130,n,na,na
localized_4m_wN_Bird_t02.wav,printedCase,4,n,SilwoodField,bird,2,26.5,16,33.5,-145,35.6,-145,n,na,na
localized_4m_wN_Bird_t02.wav,printedCase,4,n,SilwoodField,bird,2,26.5,17,34.3,-25,36.4,-25,n,na,na
localized_4m_wN_Bird_t02.wav,printedCase,4,n,SilwoodField,bird,2,26.5,18,35.5,-30,37.6,-30,n,na,na
localized_4m_wN_Bird_t02.wav,printedCase,4,n,SilwoodField,bird,2,26.5,19,43.1,160,45.2,160,n,na,na
localized_4m_wN_Bird_t02.wav,printedCase,4,n,SilwoodField,bird,2,26.5,20,43.3,-45,47.8,-45,n,na,na
localized_4m_wN_Bird_t02.wav,printedCase,4,n,SilwoodField,bird,2,26.5,21,43.9,165,46.8,160,n,na,na
localized_4m_wN_Bird_t02.wav,printedCase,4,n,SilwoodField,bird,2,26.5,22,45.9,165,48.6,165,n,na,na
localized_4m_wN_Bird_t02.wav,printedCase,4,n,SilwoodField,bird,2,26.5,23,47.9,165,50.4,165,n,na,na
localized_4m_wN_Bird_t02.wav,printedCase,4,n,SilwoodField,bird,2,26.5,24,48.5,-160,52.6,-150,n,na,na
localized_4m_wN_Bird_t02.wav,printedCase,4,n,SilwoodField,bird,2,26.5,25,51.9,-150,54,-150,n,na,na
localized_4m_wN_Bird_t02.wav,printedCase,4,n,SilwoodField,bird,2,26.5,26,54.7,110,56.8,110,n,na,na
localized_4m_wN_Bird_t02.wav,printedCase,4,n,SilwoodField,bird,2,26.5,27,56.5,-150,60.4,-150,y,-150,0
localized_4m_wN_Bird_t02.wav,printedCase,4,n,SilwoodField,bird,2,26.5,28,56.7,30,58.8,30,n,na,na
localized_4m_wN_Bird_t02.wav,printedCase,4,n,SilwoodField,bird,2,26.5,29,58.5,30,61,30,n,na,na
localized_4m_wN_Bird_t02.wav,printedCase,4,n,SilwoodField,bird,2,26.5,30,59.1,-150,62.6,-145,n,na,na
localized_4m_wN_Bird_t02.wav,printedCase,4,n,SilwoodField,bird,2,26.5,31,61.1,25,63.2,25,n,na,na
localized_4m_wN_Bird_t02.wav,printedCase,4,n,SilwoodField,bird,2,26.5,32,61.3,-145,69.4,-55,n,na,na
localized_4m_wN_Bird_t02.wav,printedCase,4,n,SilwoodField,bird,2,26.5,33,67.1,-175,69.8,-170,n,na,na
localized_4m_wN_Bird_t02.wav,printedCase,4,n,SilwoodField,bird,2,26.5,34,71.5,-55,77,-55,y,-60,5
localized_4m_wN_Pink_t01.wav,printedCase,4,n,SilwoodField,pink,1,26.5,0,-0.3,30,2.4,30,n,na,na
localized_4m_wN_Pink_t01.wav,printedCase,4,n,SilwoodField,pink,1,26.5,1,0.9,-40,3.4,-35,n,na,na
localized_4m_wN_Pink_t01.wav,printedCase,4,n,SilwoodField,pink,1,26.5,2,3.1,125,5.4,120,n,na,na
localized_4m_wN_Pink_t01.wav,printedCase,4,n,SilwoodField,pink,1,26.5,3,5.3,30,10.8,30,y,30,0
localized_4m_wN_Pink_t01.wav,printedCase,4,n,SilwoodField,pink,1,26.5,4,7.9,-150,10.4,-150,n,na,na
localized_4m_wN_Pink_t01.wav,printedCase,4,n,SilwoodField,pink,1,26.5,5,9.1,-110,11.2,-110,n,na,na
localized_4m_wN_Pink_t01.wav,printedCase,4,n,SilwoodField,pink,1,26.5,6,11.3,-15,13.4,-15,n,na,na
localized_4m_wN_Pink_t01.wav,printedCase,4,n,SilwoodField,pink,1,26.5,7,15.5,30,22.6,30,y,30,0
localized_4m_wN_Pink_t01.wav,printedCase,4,n,SilwoodField,pink,1,26.5,8,21.5,30,24.2,35,n,na,na
localized_4m_wN_Pink_t01.wav,printedCase,4,n,SilwoodField,pink,1,26.5,9,22.3,-160,24.6,-155,n,na,na
localized_4m_wN_Pink_t01.wav,printedCase,4,n,SilwoodField,pink,1,26.5,10,22.7,-35,26,-35,n,na,na
localized_4m_wN_Pink_t01.wav,printedCase,4,n,SilwoodField,pink,1,26.5,11,22.9,50,25,50,n,na,na
localized_4m_wN_Pink_t01.wav,printedCase,4,n,SilwoodField,pink,1,26.5,12,23.7,60,31.8,120,n,na,na
localized_4m_wN_Pink_t01.wav,printedCase,4,n,SilwoodField,pink,1,26.5,13,24.1,165,26.2,165,n,na,na
localized_4m_wN_Pink_t01.wav,printedCase,4,n,SilwoodField,pink,1,26.5,14,31.3,125,34.2,125,n,na,na
localized_4m_wN_Pink_t01.wav,printedCase,4,n,SilwoodField,pink,1,26.5,15,36.5,-160,38.6,-160,n,na,na
localized_4m_wN_Pink_t01.wav,printedCase,4,n,SilwoodField,pink,1,26.5,16,37.9,125,44.8,125,y,120,5
localized_4m_wN_Pink_t01.wav,printedCase,4,n,SilwoodField,pink,1,26.5,17,43.7,125,49.8,165,n,na,na
localized_4m_wN_Pink_t01.wav,printedCase,4,n,SilwoodField,pink,1,26.5,18,49.7,-160,51.8,-160,n,na,na
localized_4m_wN_Pink_t01.wav,printedCase,4,n,SilwoodField,pink,1,26.5,19,50.5,-155,52.6,-155,n,na,na
localized_4m_wN_Pink_t01.wav,printedCase,4,n,SilwoodField,pink,1,26.5,20,52.7,165,59.8,165,y,160,5
localized_4m_wN_Pink_t01.wav,printedCase,4,n,SilwoodField,pink,1,26.5,21,57.9,-30,60.4,-15,n,na,na
localized_4m_wN_Pink_t01.wav,printedCase,4,n,SilwoodField,pink,1,26.5,22,58.7,165,64.8,-150,n,na,na
localized_4m_wN_Pink_t01.wav,printedCase,4,n,SilwoodField,pink,1,26.5,23,60.9,-85,63.2,-85,n,na,na
localized_4m_wN_Pink_t01.wav,printedCase,4,n,SilwoodField,pink,1,26.5,24,61.7,35,63.8,35,n,na,na
localized_4m_wN_Pink_t01.wav,printedCase,4,n,SilwoodField,pink,1,26.5,25,66.3,-115,68.6,-115,n,na,na
localized_4m_wN_Pink_t01.wav,printedCase,4,n,SilwoodField,pink,1,26.5,26,67.9,-145,75.6,-145,n,na,na
localized_4m_wN_Pink_t01.wav,printedCase,4,n,SilwoodField,pink,1,26.5,27,73.9,125,76,125,n,na,na
localized_4m_wN_Pink_t01.wav,printedCase,4,n,SilwoodField,pink,1,26.5,28,74.1,25,76.2,25,n,na,na
localized_4m_wN_Pink_t01.wav,printedCase,4,n,SilwoodField,pink,1,26.5,29,74.3,-145,81.8,-60,y,-150,5
localized_4m_wN_Pink_t01.wav,printedCase,4,n,SilwoodField,pink,1,26.5,30,74.9,10,77,10,n,na,na
localized_4m_wN_Pink_t01.wav,printedCase,4,n,SilwoodField,pink,1,26.5,31,75.5,130,77.6,130,n,na,na
localized_4m_wN_Pink_t01.wav,printedCase,4,n,SilwoodField,pink,1,26.5,32,76.5,105,79.2,95,n,na,na
localized_4m_wN_Pink_t01.wav,printedCase,4,n,SilwoodField,pink,1,26.5,33,84.5,-60,91.6,-60,y,-60,0
localized_4m_wN_Pink_t02.wav,printedCase,4,n,SilwoodField,pink,2,26.5,0,2.1,0,4.2,0,n,na,na
localized_4m_wN_Pink_t02.wav,printedCase,4,n,SilwoodField,pink,2,26.5,1,4.1,30,9.8,30,y,30,0
localized_4m_wN_Pink_t02.wav,printedCase,4,n,SilwoodField,pink,2,26.5,2,14.5,30,21.6,30,y,30,0
localized_4m_wN_Pink_t02.wav,printedCase,4,n,SilwoodField,pink,2,26.5,3,20.7,25,29.6,125,n,,25
localized_4m_wN_Pink_t02.wav,printedCase,4,n,SilwoodField,pink,2,26.5,4,22.3,-50,24.8,-45,n,na,na
localized_4m_wN_Pink_t02.wav,printedCase,4,n,SilwoodField,pink,2,26.5,5,31.1,125,38.2,125,y,120,5
localized_4m_wN_Pink_t02.wav,printedCase,4,n,SilwoodField,pink,2,26.5,6,37.1,120,43.2,165,n,na,na
localized_4m_wN_Pink_t02.wav,printedCase,4,n,SilwoodField,pink,2,26.5,7,37.3,-130,39.4,-130,n,na,na
localized_4m_wN_Pink_t02.wav,printedCase,4,n,SilwoodField,pink,2,26.5,8,46.1,165,54.8,160,y,165,0
localized_4m_wN_Pink_t02.wav,printedCase,4,n,SilwoodField,pink,2,26.5,9,52.9,75,55,75,n,na,na
localized_4m_wN_Pink_t02.wav,printedCase,4,n,SilwoodField,pink,2,26.5,10,53.1,-75,55.8,-80,n,na,na
localized_4m_wN_Pink_t02.wav,printedCase,4,n,SilwoodField,pink,2,26.5,11,53.3,-175,57.8,-150,n,na,na
localized_4m_wN_Pink_t02.wav,printedCase,4,n,SilwoodField,pink,2,26.5,12,61.1,-145,68.2,-145,y,-150,5
localized_4m_wN_Pink_t02.wav,printedCase,4,n,SilwoodField,pink,2,26.5,13,67.1,25,69.2,25,n,na,na
localized_4m_wN_Pink_t02.wav,printedCase,4,n,SilwoodField,pink,2,26.5,14,67.3,-145,71.6,-105,n,na,na
localized_4m_wN_Pink_t02.wav,printedCase,4,n,SilwoodField,pink,2,26.5,15,69.7,100,72,100,n,na,na
localized_4m_wN_Pink_t02.wav,printedCase,4,n,SilwoodField,pink,2,26.5,16,70.3,-80,74.4,-60,n,na,na
localized_4m_wN_Pink_t02.wav,printedCase,4,n,SilwoodField,pink,2,26.5,17,72.1,-170,74.6,-170,n,na,na
localized_4m_wN_Pink_t02.wav,printedCase,4,n,SilwoodField,pink,2,26.5,18,76.1,-60,83.2,-60,y,-60,0
localized_4m_wN_Pink_t02.wav,printedCase,4,n,SilwoodField,pink,2,26.5,19,82.1,-45,83.6,-45,n,na,na
localized_8m_wN_Bird_t01.wav,printedCase,8,n,SilwoodField,bird,1,25,0,-0.1,70,6.6,75,n,na,na
localized_8m_wN_Bird_t01.wav,printedCase,8,n,SilwoodField,bird,1,25,1,0.3,-30,2.8,-30,n,na,na
localized_8m_wN_Bird_t01.wav,printedCase,8,n,SilwoodField,bird,1,25,2,3.7,35,9.8,30,y,30,5
localized_8m_wN_Bird_t01.wav,printedCase,8,n,SilwoodField,bird,1,25,3,7.3,-150,9.4,-150,n,na,na
localized_8m_wN_Bird_t01.wav,printedCase,8,n,SilwoodField,bird,1,25,4,8.1,75,10.2,75,n,na,na
localized_8m_wN_Bird_t01.wav,printedCase,8,n,SilwoodField,bird,1,25,5,11.1,80,15.8,80,n,na,na
localized_8m_wN_Bird_t01.wav,printedCase,8,n,SilwoodField,bird,1,25,6,14.7,30,20.2,30,y,30,0
localized_8m_wN_Bird_t01.wav,printedCase,8,n,SilwoodField,bird,1,25,7,18.7,-145,21,-145,n,na,na
localized_8m_wN_Bird_t01.wav,printedCase,8,n,SilwoodField,bird,1,25,8,19.3,70,21.4,70,n,na,na
localized_8m_wN_Bird_t01.wav,printedCase,8,n,SilwoodField,bird,1,25,9,19.5,40,27.6,120,n,na,na
localized_8m_wN_Bird_t01.wav,printedCase,8,n,SilwoodField,bird,1,25,10,20.1,-35,22.8,-45,n,na,na
localized_8m_wN_Bird_t01.wav,printedCase,8,n,SilwoodField,bird,1,25,11,22.3,-95,24.4,-95,n,na,na
localized_8m_wN_Bird_t01.wav,printedCase,8,n,SilwoodField,bird,1,25,12,23.7,15,25.8,15,n,na,na
localized_8m_wN_Bird_t01.wav,printedCase,8,n,SilwoodField,bird,1,25,13,24.3,-130,26.6,-130,n,na,na
localized_8m_wN_Bird_t01.wav,printedCase,8,n,SilwoodField,bird,1,25,14,26.3,125,28.4,125,n,na,na
localized_8m_wN_Bird_t01.wav,printedCase,8,n,SilwoodField,bird,1,25,15,27.5,130,39.2,160,y,120,10
localized_8m_wN_Bird_t01.wav,printedCase,8,n,SilwoodField,bird,1,25,16,32.3,-130,34.8,-145,n,na,na
localized_8m_wN_Bird_t01.wav,printedCase,8,n,SilwoodField,bird,1,25,17,35.1,-30,37.4,-35,n,na,na
localized_8m_wN_Bird_t01.wav,printedCase,8,n,SilwoodField,bird,1,25,18,41.1,115,43.2,115,n,na,na
localized_8m_wN_Bird_t01.wav,printedCase,8,n,SilwoodField,bird,1,25,19,42.7,165,44.8,165,n,na,na
localized_8m_wN_Bird_t01.wav,printedCase,8,n,SilwoodField,bird,1,25,20,42.9,-45,47.4,-45,n,na,na
localized_8m_wN_Bird_t01.wav,printedCase,8,n,SilwoodField,bird,1,25,21,43.5,165,46.4,160,y,165,0
localized_8m_wN_Bird_t01.wav,printedCase,8,n,SilwoodField,bird,1,25,22,45.5,165,49,165,n,na,na
localized_8m_wN_Bird_t01.wav,printedCase,8,n,SilwoodField,bird,1,25,23,46.5,110,48.6,110,n,na,na
localized_8m_wN_Bird_t01.wav,printedCase,8,n,SilwoodField,bird,1,25,24,47.7,165,50,160,n,na,na
localized_8m_wN_Bird_t01.wav,printedCase,8,n,SilwoodField,bird,1,25,25,48.1,-165,52.4,-150,n,na,na
localized_8m_wN_Bird_t01.wav,printedCase,8,n,SilwoodField,bird,1,25,26,50.1,30,52.2,30,n,na,na
localized_8m_wN_Bird_t01.wav,printedCase,8,n,SilwoodField,bird,1,25,27,50.5,90,53.2,100,n,na,na
localized_8m_wN_Bird_t01.wav,printedCase,8,n,SilwoodField,bird,1,25,28,51.7,-150,53.8,-150,n,na,na
localized_8m_wN_Bird_t01.wav,printedCase,8,n,SilwoodField,bird,1,25,29,52.1,100,54.8,100,n,na,na
localized_8m_wN_Bird_t01.wav,printedCase,8,n,SilwoodField,bird,1,25,30,54.1,100,57.2,120,n,na,na
localized_8m_wN_Bird_t01.wav,printedCase,8,n,SilwoodField,bird,1,25,31,54.5,-120,56.6,-120,n,na,na
localized_8m_wN_Bird_t01.wav,printedCase,8,n,SilwoodField,bird,1,25,32,56.1,-150,69.2,-60,y,-150,0
localized_8m_wN_Bird_t01.wav,printedCase,8,n,SilwoodField,bird,1,25,33,56.3,30,58.4,30,n,na,na
localized_8m_wN_Bird_t01.wav,printedCase,8,n,SilwoodField,bird,1,25,34,58.1,30,60.2,30,n,na,na
localized_8m_wN_Bird_t01.wav,printedCase,8,n,SilwoodField,bird,1,25,35,59.9,120,62.2,120,n,na,na
localized_8m_wN_Bird_t01.wav,printedCase,8,n,SilwoodField,bird,1,25,36,60.5,90,62.6,90,n,na,na
localized_8m_wN_Bird_t01.wav,printedCase,8,n,SilwoodField,bird,1,25,37,67.3,-175,69.6,-175,n,na,na
localized_8m_wN_Bird_t01.wav,printedCase,8,n,SilwoodField,bird,1,25,38,68.3,140,70.4,140,n,na,na
localized_8m_wN_Bird_t01.wav,printedCase,8,n,SilwoodField,bird,1,25,39,71.1,-55,76.8,-55,y,-55,0
localized_8m_wN_Bird_t01.wav,printedCase,8,n,SilwoodField,bird,1,25,40,75.9,100,77.4,100,n,na,na
localized_8m_wN_Bird_t02.wav,printedCase,8,n,SilwoodField,bird,2,25,0,2.3,105,4.4,105,n,na,na
localized_8m_wN_Bird_t02.wav,printedCase,8,n,SilwoodField,bird,2,25,1,2.7,60,5,60,n,na,na
localized_8m_wN_Bird_t02.wav,printedCase,8,n,SilwoodField,bird,2,25,2,4.1,90,6.8,105,n,na,na
localized_8m_wN_Bird_t02.wav,printedCase,8,n,SilwoodField,bird,2,25,3,4.3,35,10,35,y,30,5
localized_8m_wN_Bird_t02.wav,printedCase,8,n,SilwoodField,bird,2,25,4,7.3,-155,9.6,-155,n,na,na
localized_8m_wN_Bird_t02.wav,printedCase,8,n,SilwoodField,bird,2,25,5,8.9,95,16.6,105,n,na,na
localized_8m_wN_Bird_t02.wav,printedCase,8,n,SilwoodField,bird,2,25,6,9.3,150,11.4,150,n,na,na
localized_8m_wN_Bird_t02.wav,printedCase,8,n,SilwoodField,bird,2,25,7,14.1,160,16.2,160,n,na,na
localized_8m_wN_Bird_t02.wav,printedCase,8,n,SilwoodField,bird,2,25,8,14.7,35,16.8,35,y,30,5
localized_8m_wN_Bird_t02.wav,printedCase,8,n,SilwoodField,bird,2,25,9,14.9,-155,20.4,-155,n,na,na
localized_8m_wN_Bird_t02.wav,printedCase,8,n,SilwoodField,bird,2,25,10,15.7,35,18.4,35,n,na,na
localized_8m_wN_Bird_t02.wav,printedCase,8,n,SilwoodField,bird,2,25,11,17.5,35,20.2,35,n,na,na
localized_8m_wN_Bird_t02.wav,printedCase,8,n,SilwoodField,bird,2,25,12,18.5,115,20.6,115,n,na,na
localized_8m_wN_Bird_t02.wav,printedCase,8,n,SilwoodField,bird,2,25,13,19.5,35,32.8,130,n,na,na
localized_8m_wN_Bird_t02.wav,printedCase,8,n,SilwoodField,bird,2,25,14,22.5,160,24.6,160,n,na,na
localized_8m_wN_Bird_t02.wav,printedCase,8,n,SilwoodField,bird,2,25,15,33.3,125,39,125,y,120,5
localized_8m_wN_Bird_t02.wav,printedCase,8,n,SilwoodField,bird,2,25,16,37.7,120,46.2,160,n,na,na
localized_8m_wN_Bird_t02.wav,printedCase,8,n,SilwoodField,bird,2,25,17,42.5,-145,44.6,-145,n,na,na
localized_8m_wN_Bird_t02.wav,printedCase,8,n,SilwoodField,bird,2,25,18,44.9,70,47,70,n,na,na
localized_8m_wN_Bird_t02.wav,printedCase,8,n,SilwoodField,bird,2,25,19,45.1,-25,47.2,-25,n,na,na
localized_8m_wN_Bird_t02.wav,printedCase,8,n,SilwoodField,bird,2,25,20,45.9,65,49.6,85,n,na,na
localized_8m_wN_Bird_t02.wav,printedCase,8,n,SilwoodField,bird,2,25,21,46.7,105,48.8,105,n,na,na
localized_8m_wN_Bird_t02.wav,printedCase,8,n,SilwoodField,bird,2,25,22,46.9,55,49,55,n,na,na
localized_8m_wN_Bird_t02.wav,printedCase,8,n,SilwoodField,bird,2,25,23,48.3,-60,53.2,-60,y,165,135
localized_8m_wN_Bird_t02.wav,printedCase,8,n,SilwoodField,bird,2,25,24,49.3,80,52,80,n,na,na
localized_8m_wN_Bird_t02.wav,printedCase,8,n,SilwoodField,bird,2,25,25,51.3,80,53.8,65,n,na,na
localized_8m_wN_Bird_t02.wav,printedCase,8,n,SilwoodField,bird,2,25,26,51.5,175,54,170,n,na,na
localized_8m_wN_Bird_t02.wav,printedCase,8,n,SilwoodField,bird,2,25,27,52.5,-75,54.8,-80,n,na,na
localized_8m_wN_Bird_t02.wav,printedCase,8,n,SilwoodField,bird,2,25,28,52.9,-175,58.8,-145,n,na,na
localized_8m_wN_Bird_t02.wav,printedCase,8,n,SilwoodField,bird,2,25,29,53.3,55,55.4,55,n,na,na
localized_8m_wN_Bird_t02.wav,printedCase,8,n,SilwoodField,bird,2,25,30,57.1,-80,59.2,-80,n,na,na
localized_8m_wN_Bird_t02.wav,printedCase,8,n,SilwoodField,bird,2,25,31,58.7,160,61.4,150,n,na,na
localized_8m_wN_Bird_t02.wav,printedCase,8,n,SilwoodField,bird,2,25,32,59.7,70,61.8,70,n,na,na
localized_8m_wN_Bird_t02.wav,printedCase,8,n,SilwoodField,bird,2,25,33,59.9,-75,62,-75,n,na,na
localized_8m_wN_Bird_t02.wav,printedCase,8,n,SilwoodField,bird,2,25,34,61.7,40,64.4,35,n,na,na
localized_8m_wN_Bird_t02.wav,printedCase,8,n,SilwoodField,bird,2,25,35,63.3,-150,65.4,-150,n,na,na
localized_8m_wN_Bird_t02.wav,printedCase,8,n,SilwoodField,bird,2,25,36,63.5,30,68.2,30,y,-150,180
localized_8m_wN_Bird_t02.wav,printedCase,8,n,SilwoodField,bird,2,25,37,64.9,-150,67,-150,n,na,na
localized_8m_wN_Bird_t02.wav,printedCase,8,n,SilwoodField,bird,2,25,38,66.3,-150,68.8,-150,n,na,na
localized_8m_wN_Bird_t02.wav,printedCase,8,n,SilwoodField,bird,2,25,39,68.1,-145,70.2,-145,n,na,na
localized_8m_wN_Bird_t02.wav,printedCase,8,n,SilwoodField,bird,2,25,40,70.7,-125,79.6,-65,n,na,na
localized_8m_wN_Bird_t02.wav,printedCase,8,n,SilwoodField,bird,2,25,41,71.1,130,73.2,130,n,na,na
localized_8m_wN_Bird_t02.wav,printedCase,8,n,SilwoodField,bird,2,25,42,77.9,-175,80,-175,n,na,na
localized_8m_wN_Bird_t02.wav,printedCase,8,n,SilwoodField,bird,2,25,43,78.3,60,80.4,60,n,na,na
localized_8m_wN_Bird_t02.wav,printedCase,8,n,SilwoodField,bird,2,25,44,78.5,-65,81.8,-65,n,na,na
localized_8m_wN_Bird_t02.wav,printedCase,8,n,SilwoodField,bird,2,25,45,79.3,-165,82.4,-165,n,na,na
localized_8m_wN_Bird_t02.wav,printedCase,8,n,SilwoodField,bird,2,25,46,80.5,-65,84,-65,y,-60,-5
localized_8m_wN_Bird_t02.wav,printedCase,8,n,SilwoodField,bird,2,25,47,81.1,-165,83.2,-165,n,na,na
localized_8m_wN_Bird_t02.wav,printedCase,8,n,SilwoodField,bird,2,25,48,82.3,145,84.2,145,n,na,na
localized_8m_wN_Bird_t02.wav,printedCase,8,n,SilwoodField,bird,2,25,49,82.7,-65,84.2,-65,n,na,na
localized_8m_wN_Pink_t01.wav,printedCase,8,n,SilwoodField,pink,1,25,0,4.7,35,6.8,35,n,na,na
localized_8m_wN_Pink_t01.wav,printedCase,8,n,SilwoodField,pink,1,25,1,6.5,35,8.6,35,n,na,na
localized_8m_wN_Pink_t01.wav,printedCase,8,n,SilwoodField,pink,1,25,2,6.7,-155,9,-150,n,na,na
localized_8m_wN_Pink_t01.wav,printedCase,8,n,SilwoodField,pink,1,25,3,8.7,-105,10.8,-105,n,na,na
localized_8m_wN_Pink_t01.wav,printedCase,8,n,SilwoodField,pink,1,25,4,8.9,110,11.4,120,n,na,na
localized_8m_wN_Pink_t01.wav,printedCase,8,n,SilwoodField,pink,1,25,5,9.5,0,11.6,0,n,na,na
localized_8m_wN_Pink_t01.wav,printedCase,8,n,SilwoodField,pink,1,25,6,10.3,110,12.6,110,n,na,na
localized_8m_wN_Pink_t01.wav,printedCase,8,n,SilwoodField,pink,1,25,7,11.3,120,13.4,120,n,na,na
localized_8m_wN_Pink_t01.wav,printedCase,8,n,SilwoodField,pink,1,25,8,13.9,35,17.2,35,n,na,na
localized_8m_wN_Pink_t01.wav,printedCase,8,n,SilwoodField,pink,1,25,9,14.9,-155,17.8,-155,n,na,na
localized_8m_wN_Pink_t01.wav,printedCase,8,n,SilwoodField,pink,1,25,10,15.9,35,21,35,y,30,5
localized_8m_wN_Pink_t01.wav,printedCase,8,n,SilwoodField,pink,1,25,11,16.5,-155,18.8,-155,n,na,na
localized_8m_wN_Pink_t01.wav,printedCase,8,n,SilwoodField,pink,1,25,12,20.5,35,35,120,n,na,na
localized_8m_wN_Pink_t01.wav,printedCase,8,n,SilwoodField,pink,1,25,13,22.7,-50,24.8,-50,n,na,na
localized_8m_wN_Pink_t01.wav,printedCase,8,n,SilwoodField,pink,1,25,14,23.3,160,25.4,160,n,na,na
localized_8m_wN_Pink_t01.wav,printedCase,8,n,SilwoodField,pink,1,25,15,30.3,-140,32.4,-140,n,na,na
localized_8m_wN_Pink_t01.wav,printedCase,8,n,SilwoodField,pink,1,25,16,33.3,-25,35.4,-25,n,na,na
localized_8m_wN_Pink_t01.wav,printedCase,8,n,SilwoodField,pink,1,25,17,35.1,145,37.4,150,n,na,na
localized_8m_wN_Pink_t01.wav,printedCase,8,n,SilwoodField,pink,1,25,18,36.5,150,38.8,150,n,na,na
localized_8m_wN_Pink_t01.wav,printedCase,8,n,SilwoodField,pink,1,25,19,36.9,-30,39,-30,n,na,na
localized_8m_wN_Pink_t01.wav,printedCase,8,n,SilwoodField,pink,1,25,20,39.3,125,41.4,125,n,na,na
localized_8m_wN_Pink_t01.wav,printedCase,8,n,SilwoodField,pink,1,25,21,41.7,125,48.8,125,y,120,5
localized_8m_wN_Pink_t01.wav,printedCase,8,n,SilwoodField,pink,1,25,22,47.7,120,58,170,n,na,na
localized_8m_wN_Pink_t01.wav,printedCase,8,n,SilwoodField,pink,1,25,23,48.7,-140,50.8,-140,n,na,na
localized_8m_wN_Pink_t01.wav,printedCase,8,n,SilwoodField,pink,1,25,24,58.1,150,60.8,145,n,na,na
localized_8m_wN_Pink_t01.wav,printedCase,8,n,SilwoodField,pink,1,25,25,61.3,-60,68.4,-60,y,165,135
localized_8m_wN_Pink_t01.wav,printedCase,8,n,SilwoodField,pink,1,25,26,67.7,175,74.4,-145,n,na,na
localized_8m_wN_Pink_t01.wav,printedCase,8,n,SilwoodField,pink,1,25,27,74.3,160,76.4,160,n,na,na
localized_8m_wN_Pink_t01.wav,printedCase,8,n,SilwoodField,pink,1,25,28,76.1,145,78.2,145,n,na,na
localized_8m_wN_Pink_t01.wav,printedCase,8,n,SilwoodField,pink,1,25,29,76.9,145,80.8,145,n,na,na
localized_8m_wN_Pink_t01.wav,printedCase,8,n,SilwoodField,pink,1,25,30,81.1,30,88.2,30,y,-150,180
localized_8m_wN_Pink_t01.wav,printedCase,8,n,SilwoodField,pink,1,25,31,87.1,-150,98.6,-60,n,na,na
localized_8m_wN_Pink_t01.wav,printedCase,8,n,SilwoodField,pink,1,25,32,89.9,140,92,140,n,na,na
localized_8m_wN_Pink_t01.wav,printedCase,8,n,SilwoodField,pink,1,25,33,96.7,125,98.8,125,n,na,na
localized_8m_wN_Pink_t01.wav,printedCase,8,n,SilwoodField,pink,1,25,34,99.7,-65,106.8,-65,y,-60,-5
localized_8m_wN_Pink_t01.wav,printedCase,8,n,SilwoodField,pink,1,25,35,105.3,140,108,145,n,na,na
localized_8m_wN_Pink_t01.wav,printedCase,8,n,SilwoodField,pink,1,25,36,105.7,-60,107.8,-60,n,na,na
localized_8m_wN_Pink_t01.wav,printedCase,8,n,SilwoodField,pink,1,25,37,106.1,-25,108.2,-30,n,na,na
localized_8m_wN_Pink_t01.wav,printedCase,8,n,SilwoodField,pink,1,25,38,106.5,115,108.2,115,n,na,na
localized_8m_wN_Pink_t01.wav,printedCase,8,n,SilwoodField,pink,1,25,39,106.7,-60,108.2,-60,n,na,na
localized_8m_wN_Pink_t02.wav,printedCase,8,n,SilwoodField,pink,2,25,0,-0.3,25,1.8,25,n,na,na
localized_8m_wN_Pink_t02.wav,printedCase,8,n,SilwoodField,pink,2,25,1,-0.1,-75,2.2,-75,n,na,na
localized_8m_wN_Pink_t02.wav,printedCase,8,n,SilwoodField,pink,2,25,2,0.9,-25,3.6,-25,n,na,na
localized_8m_wN_Pink_t02.wav,printedCase,8,n,SilwoodField,pink,2,25,3,1.1,100,3.2,100,n,na,na
localized_8m_wN_Pink_t02.wav,printedCase,8,n,SilwoodField,pink,2,25,4,1.9,-75,4.2,-75,n,na,na
localized_8m_wN_Pink_t02.wav,printedCase,8,n,SilwoodField,pink,2,25,5,3.3,120,6.8,120,n,na,na
localized_8m_wN_Pink_t02.wav,printedCase,8,n,SilwoodField,pink,2,25,6,5.3,35,11,35,y,30,5
localized_8m_wN_Pink_t02.wav,printedCase,8,n,SilwoodField,pink,2,25,7,8.3,-155,10.6,-155,n,na,na
localized_8m_wN_Pink_t02.wav,printedCase,8,n,SilwoodField,pink,2,25,8,9.1,135,11.2,135,n,na,na
localized_8m_wN_Pink_t02.wav,printedCase,8,n,SilwoodField,pink,2,25,9,11.1,-75,13.2,-75,n,na,na
localized_8m_wN_Pink_t02.wav,printedCase,8,n,SilwoodField,pink,2,25,10,11.5,150,14,150,n,na,na
localized_8m_wN_Pink_t02.wav,printedCase,8,n,SilwoodField,pink,2,25,11,12.1,-115,14.4,-115,n,na,na
localized_8m_wN_Pink_t02.wav,printedCase,8,n,SilwoodField,pink,2,25,12,12.7,-170,15,-170,n,na,na
localized_8m_wN_Pink_t02.wav,printedCase,8,n,SilwoodField,pink,2,25,13,13.1,-75,15.8,-75,n,na,na
localized_8m_wN_Pink_t02.wav,printedCase,8,n,SilwoodField,pink,2,25,14,14.5,-75,17.2,-75,n,na,na
localized_8m_wN_Pink_t02.wav,printedCase,8,n,SilwoodField,pink,2,25,15,15.7,35,22.8,35,y,30,5
localized_8m_wN_Pink_t02.wav,printedCase,8,n,SilwoodField,pink,2,25,16,15.9,-155,18,-155,n,na,na
localized_8m_wN_Pink_t02.wav,printedCase,8,n,SilwoodField,pink,2,25,17,17.1,-155,19.2,-155,n,na,na
localized_8m_wN_Pink_t02.wav,printedCase,8,n,SilwoodField,pink,2,25,18,21.7,-170,23.8,-170,n,na,na
localized_8m_wN_Pink_t02.wav,printedCase,8,n,SilwoodField,pink,2,25,19,22.1,35,34,140,n,na,na
localized_8m_wN_Pink_t02.wav,printedCase,8,n,SilwoodField,pink,2,25,20,25.1,160,27.2,160,n,na,na
localized_8m_wN_Pink_t02.wav,printedCase,8,n,SilwoodField,pink,2,25,21,27.7,15,29.8,15,n,na,na
localized_8m_wN_Pink_t02.wav,printedCase,8,n,SilwoodField,pink,2,25,22,32.9,5,35,5,n,na,na
localized_8m_wN_Pink_t02.wav,printedCase,8,n,SilwoodField,pink,2,25,23,33.7,120,35.8,120,n,na,na
localized_8m_wN_Pink_t02.wav,printedCase,8,n,SilwoodField,pink,2,25,24,34.5,-100,36.6,-100,n,na,na
localized_8m_wN_Pink_t02.wav,printedCase,8,n,SilwoodField,pink,2,25,25,38.3,150,40.6,145,n,na,na
localized_8m_wN_Pink_t02.wav,printedCase,8,n,SilwoodField,pink,2,25,26,40.7,125,47.8,125,y,120,5
localized_8m_wN_Pink_t02.wav,printedCase,8,n,SilwoodField,pink,2,25,27,46.5,-35,48.6,-35,n,na,na
localized_8m_wN_Pink_t02.wav,printedCase,8,n,SilwoodField,pink,2,25,28,46.7,120,58.2,165,n,na,na
localized_8m_wN_Pink_t02.wav,printedCase,8,n,SilwoodField,pink,2,25,29,60.1,-30,62.2,-30,n,na,na
localized_8m_wN_Pink_t02.wav,printedCase,8,n,SilwoodField,pink,2,25,30,60.3,-60,67.4,-60,y,165,135
localized_8m_wN_Pink_t02.wav,printedCase,8,n,SilwoodField,pink,2,25,31,66.7,175,73.2,-150,n,na,na
localized_8m_wN_Pink_t02.wav,printedCase,8,n,SilwoodField,pink,2,25,32,71.5,150,74.2,150,n,na,na
localized_8m_wN_Pink_t02.wav,printedCase,8,n,SilwoodField,pink,2,25,33,76.5,30,83.6,30,y,-150,180
localized_8m_wN_Pink_t02.wav,printedCase,8,n,SilwoodField,pink,2,25,34,81.9,140,84,140,n,na,na
localized_8m_wN_Pink_t02.wav,printedCase,8,n,SilwoodField,pink,2,25,35,83.3,-145,94.2,-60,n,na,na
localized_8m_wN_Pink_t02.wav,printedCase,8,n,SilwoodField,pink,2,25,36,90.7,-165,92.8,-165,n,na,na
localized_8m_wN_Pink_t02.wav,printedCase,8,n,SilwoodField,pink,2,25,37,91.3,110,93.4,110,n,na,na
localized_8m_wN_Pink_t02.wav,printedCase,8,n,SilwoodField,pink,2,25,38,92.3,105,94.4,105,n,na,na
localized_8m_wN_Pink_t02.wav,printedCase,8,n,SilwoodField,pink,2,25,39,93.3,145,95.6,145,n,na,na
localized_8m_wN_Pink_t02.wav,printedCase,8,n,SilwoodField,pink,2,25,40,97.5,-65,104.6,-65,y,-60,-5
localized_8m_wN_Pink_t02.wav,printedCase,8,n,SilwoodField,pink,2,25,41,104.1,-65,105.6,-65,n,na,na
localized_8m_wY_Bird_t01.wav,printedCase,8,y,SilwoodField,bird,2,25,0,0.3,35,2.4,35,n,na,na
localized_8m_wY_Bird_t01.wav,printedCase,8,y,SilwoodField,bird,2,25,1,6.9,30,11,35,y,30,0
localized_8m_wY_Bird_t01.wav,printedCase,8,y,SilwoodField,bird,2,25,2,8.7,-160,10.8,-160,n,na,na
localized_8m_wY_Bird_t01.wav,printedCase,8,y,SilwoodField,bird,2,25,3,16.1,35,21.4,35,n,na,na
localized_8m_wY_Bird_t01.wav,printedCase,8,y,SilwoodField,bird,2,25,4,16.3,-160,18.4,-160,n,na,na
localized_8m_wY_Bird_t01.wav,printedCase,8,y,SilwoodField,bird,2,25,5,21.5,40,31.8,115,n,na,na
localized_8m_wY_Bird_t01.wav,printedCase,8,y,SilwoodField,bird,2,25,6,31.9,120,35.6,120,y,120,0
localized_8m_wY_Bird_t01.wav,printedCase,8,y,SilwoodField,bird,2,25,7,32.7,-135,35,-135,n,na,na
localized_8m_wY_Bird_t01.wav,printedCase,8,y,SilwoodField,bird,2,25,8,33.7,-135,36.6,-135,n,na,na
localized_8m_wY_Bird_t01.wav,printedCase,8,y,SilwoodField,bird,2,25,9,34.7,125,37.4,125,n,na,na
localized_8m_wY_Bird_t01.wav,printedCase,8,y,SilwoodField,bird,2,25,10,37.3,130,41.4,150,n,na,na
localized_8m_wY_Bird_t01.wav,printedCase,8,y,SilwoodField,bird,2,25,11,40.3,155,42.4,155,n,na,na
localized_8m_wY_Bird_t01.wav,printedCase,8,y,SilwoodField,bird,2,25,12,47.1,175,50.6,170,y,165,5
localized_8m_wY_Bird_t01.wav,printedCase,8,y,SilwoodField,bird,2,25,13,47.3,85,51.8,75,y,165,-80
localized_8m_wY_Bird_t01.wav,printedCase,8,y,SilwoodField,bird,2,25,14,49.9,175,52.4,175,n,na,na
localized_8m_wY_Bird_t01.wav,printedCase,8,y,SilwoodField,bird,2,25,15,51.1,-160,53.2,-160,n,na,na
localized_8m_wY_Bird_t01.wav,printedCase,8,y,SilwoodField,bird,2,25,16,51.9,-160,54,-160,n,na,na
localized_8m_wY_Bird_t01.wav,printedCase,8,y,SilwoodField,bird,2,25,17,54.1,-145,56.2,-145,n,na,na
localized_8m_wY_Bird_t01.wav,printedCase,8,y,SilwoodField,bird,2,25,18,62.1,30,66.8,30,y,-150,180
localized_8m_wY_Bird_t01.wav,printedCase,8,y,SilwoodField,bird,2,25,19,62.7,-150,65.6,-150,y,-150,0
localized_8m_wY_Bird_t01.wav,printedCase,8,y,SilwoodField,bird,2,25,20,64.9,-150,67.4,-150,y,-150,0
localized_8m_wY_Bird_t01.wav,printedCase,8,y,SilwoodField,bird,2,25,21,68.7,-135,70.8,-135,n,na,na
localized_8m_wY_Bird_t01.wav,printedCase,8,y,SilwoodField,bird,2,25,22,71.5,-95,73.6,-95,n,na,na
localized_8m_wY_Bird_t01.wav,printedCase,8,y,SilwoodField,bird,2,25,23,73.5,-70,75.6,-70,n,na,na
localized_8m_wY_Bird_t01.wav,printedCase,8,y,SilwoodField,bird,2,25,24,74.5,-60,77.2,-65,n,na,na
localized_8m_wY_Bird_t01.wav,printedCase,8,y,SilwoodField,bird,2,25,25,76.3,-160,78.4,-160,n,na,na
localized_8m_wY_Bird_t01.wav,printedCase,8,y,SilwoodField,bird,2,25,26,77.5,-65,81,-65,y,-60,-5
localized_8m_wY_Bird_t01.wav,printedCase,8,y,SilwoodField,bird,2,25,27,77.7,-155,82.2,-155,n,na,na
localized_8m_wY_Bird_t01.wav,printedCase,8,y,SilwoodField,bird,2,25,28,80.3,-65,82.8,-60,n,na,na
localized_8m_wY_Bird_t02.wav,printedCase,8,y,SilwoodField,bird,2,25,0,-0.1,35,2.2,35,n,na,na
localized_8m_wY_Bird_t02.wav,printedCase,8,y,SilwoodField,bird,2,25,1,1.3,35,3.6,35,n,na,na
localized_8m_wY_Bird_t02.wav,printedCase,8,y,SilwoodField,bird,2,25,2,6.7,30,10.8,30,y,30,0
localized_8m_wY_Bird_t02.wav,printedCase,8,y,SilwoodField,bird,2,25,3,8.3,-155,10.4,-155,n,na,na
localized_8m_wY_Bird_t02.wav,printedCase,8,y,SilwoodField,bird,2,25,4,15.7,35,21.2,35,y,30,5
localized_8m_wY_Bird_t02.wav,printedCase,8,y,SilwoodField,bird,2,25,5,20.3,-60,22.4,-60,n,na,na
localized_8m_wY_Bird_t02.wav,printedCase,8,y,SilwoodField,bird,2,25,6,21.1,40,29.2,95,n,na,na
localized_8m_wY_Bird_t02.wav,printedCase,8,y,SilwoodField,bird,2,25,7,21.3,-30,23.4,-30,n,na,na
localized_8m_wY_Bird_t02.wav,printedCase,8,y,SilwoodField,bird,2,25,8,22.9,65,25,65,n,na,na
localized_8m_wY_Bird_t02.wav,printedCase,8,y,SilwoodField,bird,2,25,9,26.7,70,29.6,75,n,na,na
localized_8m_wY_Bird_t02.wav,printedCase,8,y,SilwoodField,bird,2,25,10,28.1,110,30.8,100,n,na,na
localized_8m_wY_Bird_t02.wav,printedCase,8,y,SilwoodField,bird,2,25,11,28.3,70,30.6,65,n,na,na
localized_8m_wY_Bird_t02.wav,printedCase,8,y,SilwoodField,bird,2,25,12,29.3,65,31.8,70,n,na,na
localized_8m_wY_Bird_t02.wav,printedCase,8,y,SilwoodField,bird,2,25,13,31.7,125,34,125,y,120,5
localized_8m_wY_Bird_t02.wav,printedCase,8,y,SilwoodField,bird,2,25,14,32.1,-135,36.4,-135,n,na,na
localized_8m_wY_Bird_t02.wav,printedCase,8,y,SilwoodField,bird,2,25,15,34.5,75,36.6,75,n,na,na
localized_8m_wY_Bird_t02.wav,printedCase,8,y,SilwoodField,bird,2,25,16,34.7,0,36.8,0,n,na,na
localized_8m_wY_Bird_t02.wav,printedCase,8,y,SilwoodField,bird,2,25,17,34.9,125,37,125,n,na,na
localized_8m_wY_Bird_t02.wav,printedCase,8,y,SilwoodField,bird,2,25,18,36.9,130,41,150,n,na,na
localized_8m_wY_Bird_t02.wav,printedCase,8,y,SilwoodField,bird,2,25,19,40.5,70,42.6,70,n,na,na
localized_8m_wY_Bird_t02.wav,printedCase,8,y,SilwoodField,bird,2,25,20,46.7,175,48.8,175,n,na,na
localized_8m_wY_Bird_t02.wav,printedCase,8,y,SilwoodField,bird,2,25,21,46.9,80,51.4,80,y,165,-85
localized_8m_wY_Bird_t02.wav,printedCase,8,y,SilwoodField,bird,2,25,22,47.7,175,49.8,175,n,na,na
localized_8m_wY_Bird_t02.wav,printedCase,8,y,SilwoodField,bird,2,25,23,49.5,175,52,175,n,na,na
localized_8m_wY_Bird_t02.wav,printedCase,8,y,SilwoodField,bird,2,25,24,51.9,180,54,180,n,na,na
localized_8m_wY_Bird_t02.wav,printedCase,8,y,SilwoodField,bird,2,25,25,53.7,-145,56.2,-155,n,na,na
localized_8m_wY_Bird_t02.wav,printedCase,8,y,SilwoodField,bird,2,25,26,57.9,-50,60,-50,n,na,na
localized_8m_wY_Bird_t02.wav,printedCase,8,y,SilwoodField,bird,2,25,27,60.7,65,62.8,65,n,na,na
localized_8m_wY_Bird_t02.wav,printedCase,8,y,SilwoodField,bird,2,25,28,61.7,30,67,30,y,-150,180
localized_8m_wY_Bird_t02.wav,printedCase,8,y,SilwoodField,bird,2,25,29,62.3,-150,65,-150,n,na,na
localized_8m_wY_Bird_t02.wav,printedCase,8,y,SilwoodField,bird,2,25,30,64.5,-150,66.8,-150,n,na,na
localized_8m_wY_Bird_t02.wav,printedCase,8,y,SilwoodField,bird,2,25,31,69.5,-120,72.8,-105,n,na,na
localized_8m_wY_Bird_t02.wav,printedCase,8,y,SilwoodField,bird,2,25,32,71.5,-95,74,-90,n,na,na
localized_8m_wY_Bird_t02.wav,printedCase,8,y,SilwoodField,bird,2,25,33,74.3,-60,76.6,-60,n,na,na
localized_8m_wY_Bird_t02.wav,printedCase,8,y,SilwoodField,bird,2,25,34,79.1,-65,81.2,-65,n,na,na
localized_8m_wY_Bird_t02.wav,printedCase,8,y,SilwoodField,bird,2,25,35,79.3,-155,83.8,-160,y,-60,-95
localized_8m_wY_Bird_t02.wav,printedCase,8,y,SilwoodField,bird,2,25,36,81.9,-65,84.4,-60,n,na,na
localized_8m_wY_Pink_t01.wav,printedCase,8,y,SilwoodField,pink,1,25,0,-0.3,-35,1.8,-35,n,na,na
localized_8m_wY_Pink_t01.wav,printedCase,8,y,SilwoodField,pink,1,25,1,-0.1,35,3,35,n,na,na
localized_8m_wY_Pink_t01.wav,printedCase,8,y,SilwoodField,pink,1,25,2,1.1,-30,3.2,-30,n,na,na
localized_8m_wY_Pink_t01.wav,printedCase,8,y,SilwoodField,pink,1,25,3,1.7,30,3.8,30,n,na,na
localized_8m_wY_Pink_t01.wav,printedCase,8,y,SilwoodField,pink,1,25,4,4.5,-25,7.2,-25,n,na,na
localized_8m_wY_Pink_t01.wav,printedCase,8,y,SilwoodField,pink,1,25,5,11.9,30,14.4,35,n,na,na
localized_8m_wY_Pink_t01.wav,printedCase,8,y,SilwoodField,pink,1,25,6,13.3,-160,15.6,-165,n,na,na
localized_8m_wY_Pink_t01.wav,printedCase,8,y,SilwoodField,pink,1,25,7,20.7,35,27.6,35,y,30,5
localized_8m_wY_Pink_t01.wav,printedCase,8,y,SilwoodField,pink,1,25,8,27.1,40,38.2,115,n,na,na
localized_8m_wY_Pink_t01.wav,printedCase,8,y,SilwoodField,pink,1,25,9,30.1,155,32.2,155,n,na,na
localized_8m_wY_Pink_t01.wav,printedCase,8,y,SilwoodField,pink,1,25,10,38.1,120,45.2,120,y,120,0
localized_8m_wY_Pink_t01.wav,printedCase,8,y,SilwoodField,pink,1,25,11,45.3,135,49.2,150,n,na,na
localized_8m_wY_Pink_t01.wav,printedCase,8,y,SilwoodField,pink,1,25,12,55.1,175,62.2,170,y,165,10
localized_8m_wY_Pink_t01.wav,printedCase,8,y,SilwoodField,pink,1,25,13,62.3,180,64.4,180,n,na,na
localized_8m_wY_Pink_t01.wav,printedCase,8,y,SilwoodField,pink,1,25,14,64.1,-145,66.2,-145,n,na,na
localized_8m_wY_Pink_t01.wav,printedCase,8,y,SilwoodField,pink,1,25,15,70.1,-150,74.4,-150,y,-150,0
localized_8m_wY_Pink_t01.wav,printedCase,8,y,SilwoodField,pink,1,25,16,70.5,30,73.8,30,n,na,na
localized_8m_wY_Pink_t01.wav,printedCase,8,y,SilwoodField,pink,1,25,17,72.5,30,75.2,35,n,na,na
localized_8m_wY_Pink_t01.wav,printedCase,8,y,SilwoodField,pink,1,25,18,73.3,-150,77.2,-150,n,na,na
localized_8m_wY_Pink_t01.wav,printedCase,8,y,SilwoodField,pink,1,25,19,78.7,-130,84.4,-85,n,na,na
localized_8m_wY_Pink_t01.wav,printedCase,8,y,SilwoodField,pink,1,25,20,83.1,-85,86.2,-60,n,na,na
localized_8m_wY_Pink_t01.wav,printedCase,8,y,SilwoodField,pink,1,25,21,84.9,-60,87,-60,n,na,na
localized_8m_wY_Pink_t01.wav,printedCase,8,y,SilwoodField,pink,1,25,22,86.5,-60,93.6,-60,y,-60,0
localized_8m_wY_Pink_t01.wav,printedCase,8,y,SilwoodField,pink,1,25,23,92.9,-60,94.6,-60,n,na,na
localized_8m_wY_Pink_t02.wav,printedCase,8,y,SilwoodField,pink,2,25,0,6.1,30,10.2,35,y,30,0
localized_8m_wY_Pink_t02.wav,printedCase,8,y,SilwoodField,pink,2,25,1,7.7,-155,9.8,-155,n,na,na
localized_8m_wY_Pink_t02.wav,printedCase,8,y,SilwoodField,pink,2,25,2,8.5,-105,10.6,-105,n,na,na
localized_8m_wY_Pink_t02.wav,printedCase,8,y,SilwoodField,pink,2,25,3,10.3,25,12.4,25,n,na,na
localized_8m_wY_Pink_t02.wav,printedCase,8,y,SilwoodField,pink,2,25,4,11.5,-35,13.6,-35,n,na,na
localized_8m_wY_Pink_t02.wav,printedCase,8,y,SilwoodField,pink,2,25,5,14.1,-25,16.8,-35,n,na,na
localized_8m_wY_Pink_t02.wav,printedCase,8,y,SilwoodField,pink,2,25,6,14.9,35,22,35,y,30,5
localized_8m_wY_Pink_t02.wav,printedCase,8,y,SilwoodField,pink,2,25,7,20.5,-35,23,-35,n,na,na
localized_8m_wY_Pink_t02.wav,printedCase,8,y,SilwoodField,pink,2,25,8,21.9,40,32.2,110,n,na,na
localized_8m_wY_Pink_t02.wav,printedCase,8,y,SilwoodField,pink,2,25,9,23.3,-125,25.6,-125,n,na,na
localized_8m_wY_Pink_t02.wav,printedCase,8,y,SilwoodField,pink,2,25,10,25.7,-25,27.8,-25,n,na,na
localized_8m_wY_Pink_t02.wav,printedCase,8,y,SilwoodField,pink,2,25,11,26.7,-20,28.8,-20,n,na,na
localized_8m_wY_Pink_t02.wav,printedCase,8,y,SilwoodField,pink,2,25,12,26.9,120,29,120,n,na,na
localized_8m_wY_Pink_t02.wav,printedCase,8,y,SilwoodField,pink,2,25,13,29.9,-140,32,-140,n,na,na
localized_8m_wY_Pink_t02.wav,printedCase,8,y,SilwoodField,pink,2,25,14,30.3,15,32.4,15,n,na,na
localized_8m_wY_Pink_t02.wav,printedCase,8,y,SilwoodField,pink,2,25,15,31.3,120,38.4,120,y,120,0
localized_8m_wY_Pink_t02.wav,printedCase,8,y,SilwoodField,pink,2,25,16,37.1,-150,39.6,-155,n,na,na
localized_8m_wY_Pink_t02.wav,printedCase,8,y,SilwoodField,pink,2,25,17,37.9,125,40,125,n,na,na
localized_8m_wY_Pink_t02.wav,printedCase,8,y,SilwoodField,pink,2,25,18,38.3,15,40.8,15,n,na,na
localized_8m_wY_Pink_t02.wav,printedCase,8,y,SilwoodField,pink,2,25,19,38.9,130,41.4,115,n,na,na
localized_8m_wY_Pink_t02.wav,printedCase,8,y,SilwoodField,pink,2,25,20,39.7,145,42.4,150,n,na,na
localized_8m_wY_Pink_t02.wav,printedCase,8,y,SilwoodField,pink,2,25,21,41.5,15,44.2,15,n,na,na
localized_8m_wY_Pink_t02.wav,printedCase,8,y,SilwoodField,pink,2,25,22,42.3,110,44.6,110,n,na,na
localized_8m_wY_Pink_t02.wav,printedCase,8,y,SilwoodField,pink,2,25,23,45.5,15,48,15,n,na,na
localized_8m_wY_Pink_t02.wav,printedCase,8,y,SilwoodField,pink,2,25,24,46.1,110,48.2,110,n,na,na
localized_8m_wY_Pink_t02.wav,printedCase,8,y,SilwoodField,pink,2,25,25,46.3,175,53.4,175,y,165,10
localized_8m_wY_Pink_t02.wav,printedCase,8,y,SilwoodField,pink,2,25,26,46.5,85,48.6,85,n,na,na
localized_8m_wY_Pink_t02.wav,printedCase,8,y,SilwoodField,pink,2,25,27,47.9,75,50.6,85,n,na,na
localized_8m_wY_Pink_t02.wav,printedCase,8,y,SilwoodField,pink,2,25,28,50.9,75,53,75,n,na,na
localized_8m_wY_Pink_t02.wav,printedCase,8,y,SilwoodField,pink,2,25,29,53.1,180,55.2,180,n,na,na
localized_8m_wY_Pink_t02.wav,printedCase,8,y,SilwoodField,pink,2,25,30,54.9,-150,57.2,-155,n,na,na
localized_8m_wY_Pink_t02.wav,printedCase,8,y,SilwoodField,pink,2,25,31,58.9,40,61,40,n,na,na
localized_8m_wY_Pink_t02.wav,printedCase,8,y,SilwoodField,pink,2,25,32,61.1,40,68.2,30,y,-150,190
localized_8m_wY_Pink_t02.wav,printedCase,8,y,SilwoodField,pink,2,25,33,66.3,-150,68.4,-150,n,na,na
localized_8m_wY_Pink_t02.wav,printedCase,8,y,SilwoodField,pink,2,25,34,70.1,-125,72.2,-125,n,na,na
localized_8m_wY_Pink_t02.wav,printedCase,8,y,SilwoodField,pink,2,25,35,71.3,-110,74,-100,n,na,na
localized_8m_wY_Pink_t02.wav,printedCase,8,y,SilwoodField,pink,2,25,36,72.9,-85,75.8,-80,n,na,na
localized_8m_wY_Pink_t02.wav,printedCase,8,y,SilwoodField,pink,2,25,37,74.9,-65,77.6,-65,n,na,na
localized_8m_wY_Pink_t02.wav,printedCase,8,y,SilwoodField,pink,2,25,38,76.5,45,78.6,45,n,na,na
localized_8m_wY_Pink_t02.wav,printedCase,8,y,SilwoodField,pink,2,25,39,77.7,-60,84.8,-65,y,-60,0
localized_8m_wY_Pink_t02.wav,printedCase,8,y,SilwoodField,pink,2,25,40,77.9,-160,80,-160,n,na,na
localized_1a_pinknoise2_N_2.wav,2,1,n,IndoorPre,pink,1a.2,24,0,11.7,-115,13.8,-115,n,na,na
localized_1a_pinknoise2_N_2.wav,2,1,n,IndoorPre,pink,1a.2,24,1,14.9,-145,20.8,-145,y,-150,5
localized_1a_pinknoise2_N_2.wav,2,1,n,IndoorPre,pink,1a.2,24,2,17.1,30,19.2,30,n,na,na
localized_1a_pinknoise2_N_2.wav,2,1,n,IndoorPre,pink,1a.2,24,3,17.9,30,20,30,n,na,na
localized_1a_pinknoise2_N_2.wav,2,1,n,IndoorPre,pink,1a.2,24,4,24.5,85,26.6,85,n,na,na
localized_1a_pinknoise2_N_2.wav,2,1,n,IndoorPre,pink,1a.2,24,5,28.9,100,31,100,n,na,na
localized_1a_pinknoise2_N_2.wav,2,1,n,IndoorPre,pink,1a.2,24,6,30.5,-145,38.8,-105,y,-150,5
localized_1a_pinknoise2_N_2.wav,2,1,n,IndoorPre,pink,1a.2,24,7,36.9,-85,41,-70,n,na,na
localized_1a_pinknoise2_N_2.wav,2,1,n,IndoorPre,pink,1a.2,24,8,40.1,-55,42.6,-45,n,na,na
localized_1a_pinknoise2_N_2.wav,2,1,n,IndoorPre,pink,1a.2,24,9,45.1,-60,53.8,-20,y,-60,0
localized_1a_pinknoise2_N_2.wav,2,1,n,IndoorPre,pink,1a.2,24,10,60.5,-15,69,35,y,-15,0
localized_1a_pinknoise2_N_2.wav,2,1,n,IndoorPre,pink,1a.2,24,11,66.7,-150,68.8,-150,n,na,na
localized_1a_pinknoise2_N_2.wav,2,1,n,IndoorPre,pink,1a.2,24,12,75.3,30,80.4,30,y,30,0
localized_1a_pinknoise2_N_2.wav,2,1,n,IndoorPre,pink,1a.2,24,13,79.3,35,83.4,60,n,na,na
localized_1a_pinknoise2_N_2.wav,2,1,n,IndoorPre,pink,1a.2,24,14,81.1,80,85.8,120,n,na,na
localized_1a_pinknoise2_N_2.wav,2,1,n,IndoorPre,pink,1a.2,24,15,84.5,100,86.6,100,n,na,na
localized_1a_pinknoise2_N_2.wav,2,1,n,IndoorPre,pink,1a.2,24,16,85.5,95,87.6,95,n,na,na
localized_1a_pinknoise2_N_2.wav,2,1,n,IndoorPre,pink,1a.2,24,17,86.3,-80,88.4,-80,n,na,na
localized_1a_pinknoise2_N_2.wav,2,1,n,IndoorPre,pink,1a.2,24,18,90.1,120,97.6,145,y,120,0
localized_1a_pinknoise2_N_2.wav,2,1,n,IndoorPre,pink,1a.2,24,19,94.9,150,97.2,145,n,na,na
localized_1a_pinknoise2_N_2.wav,2,1,n,IndoorPre,pink,1a.2,24,20,95.9,165,98.8,160,n,na,na
localized_1a_pinknoise2_N_2.wav,2,1,n,IndoorPre,pink,1a.2,24,21,97.9,90,100,90,n,na,na
localized_1a_pinknoise2_N_2.wav,2,1,n,IndoorPre,pink,1a.2,24,22,98.9,5,101,5,n,na,na
localized_1a_pinknoise2_N_2.wav,2,1,n,IndoorPre,pink,1a.2,24,23,103.3,-85,105.4,-85,n,na,na
localized_1a_pinknoise2_N_2.wav,2,1,n,IndoorPre,pink,1a.2,24,24,105.3,170,108.8,170,y,165,5
localized_1a_pinknoise2_N_2.wav,2,1,n,IndoorPre,pink,1a.2,24,25,106.9,-35,109,-35,n,na,na
localized_1a_pinknoise2_N_2.wav,2,1,n,IndoorPre,pink,1a.2,24,26,107.1,-125,109.2,-125,n,na,na
localized_1a_pinknoise2_N_2.wav,2,1,n,IndoorPre,pink,1a.2,24,27,107.3,-5,114.4,20,n,na,na
localized_1a_pinknoise2_N_2.wav,2,1,n,IndoorPre,pink,1a.2,24,28,107.5,150,109.8,145,n,na,na
localized_1a_pinknoise2_N_2.wav,2,1,n,IndoorPre,pink,1a.2,24,29,115.3,95,117.4,95,n,na,na
localized_1a_pinknoise2_N_2.wav,2,1,n,IndoorPre,pink,1a.2,24,30,123.3,75,125.4,75,n,na,na
localized_1a_pinknoise2_N_2.wav,2,1,n,IndoorPre,pink,1a.2,24,31,125.5,30,130.6,25,n,na,na
localized_1a_pinknoise2_N_2.wav,2,1,n,IndoorPre,pink,1a.2,24,32,127.9,-150,130,-150,n,na,na
localized_1a_pinknoise2_N_2.wav,2,1,n,IndoorPre,pink,1a.2,24,33,130.9,90,133,90,n,na,na
localized_1a_pinknoise2_N_2.wav,2,1,n,IndoorPre,pink,1a.2,24,34,131.3,25,135.6,0,n,na,na
localized_1a_pinknoise2_N_2.wav,2,1,n,IndoorPre,pink,1a.2,24,35,132.3,-140,134.6,-140,n,na,na
localized_1a_pinknoise2_N_2.wav,2,1,n,IndoorPre,pink,1a.2,24,36,133.7,-45,136.2,-30,n,na,na
localized_1a_pinknoise2_N_2.wav,2,1,n,IndoorPre,pink,1a.2,24,37,134.3,-55,136.8,-70,n,na,na
localized_1a_pinknoise2_N_2.wav,2,1,n,IndoorPre,pink,1a.2,24,38,134.5,-95,140,-160,n,na,na
localized_1a_pinknoise2_N_2.wav,2,1,n,IndoorPre,pink,1a.2,24,39,137.1,40,139.2,40,n,na,na
localized_1a_pinknoise_N_2.wav,2,1,n,IndoorPre,pink,1a.1,24,0,15.3,-140,21.2,-150,y,-150,10
localized_1a_pinknoise_N_2.wav,2,1,n,IndoorPre,pink,1a.1,24,1,17.5,30,19.6,30,n,na,na
localized_1a_pinknoise_N_2.wav,2,1,n,IndoorPre,pink,1a.1,24,2,19.3,95,21.4,95,n,na,na
localized_1a_pinknoise_N_2.wav,2,1,n,IndoorPre,pink,1a.1,24,3,30.9,-150,36,-150,y,-150,0
localized_1a_pinknoise_N_2.wav,2,1,n,IndoorPre,pink,1a.1,24,4,34.9,-140,37,-140,n,na,na
localized_1a_pinknoise_N_2.wav,2,1,n,IndoorPre,pink,1a.1,24,5,35.7,-145,42.2,-55,n,na,na
localized_1a_pinknoise_N_2.wav,2,1,n,IndoorPre,pink,1a.1,24,6,41.5,-60,43.6,-60,n,na,na
localized_1a_pinknoise_N_2.wav,2,1,n,IndoorPre,pink,1a.1,24,7,45.7,-60,50.8,-60,y,-60,0
localized_1a_pinknoise_N_2.wav,2,1,n,IndoorPre,pink,1a.1,24,8,49.7,-65,55.6,-20,n,na,na
localized_1a_pinknoise_N_2.wav,2,1,n,IndoorPre,pink,1a.1,24,9,49.9,30,52,30,n,na,na
localized_1a_pinknoise_N_2.wav,2,1,n,IndoorPre,pink,1a.1,24,10,60.9,-15,66,-15,y,-15,0
localized_1a_pinknoise_N_2.wav,2,1,n,IndoorPre,pink,1a.1,24,11,64.1,15,66.2,15,n,na,na
localized_1a_pinknoise_N_2.wav,2,1,n,IndoorPre,pink,1a.1,24,12,64.7,-10,70.2,25,n,na,na
localized_1a_pinknoise_N_2.wav,2,1,n,IndoorPre,pink,1a.1,24,13,75.7,30,80.8,30,y,30,0
localized_1a_pinknoise_N_2.wav,2,1,n,IndoorPre,pink,1a.1,24,14,79.9,30,82,30,n,na,na
localized_1a_pinknoise_N_2.wav,2,1,n,IndoorPre,pink,1a.1,24,15,80.7,40,87.2,125,n,na,na
localized_1a_pinknoise_N_2.wav,2,1,n,IndoorPre,pink,1a.1,24,16,83.7,120,85.8,120,n,na,na
localized_1a_pinknoise_N_2.wav,2,1,n,IndoorPre,pink,1a.1,24,17,90.5,120,98.2,140,y,120,0
localized_1a_pinknoise_N_2.wav,2,1,n,IndoorPre,pink,1a.1,24,18,96.5,160,99.6,165,n,na,na
localized_1a_pinknoise_N_2.wav,2,1,n,IndoorPre,pink,1a.1,24,19,98.9,165,101.6,165,n,na,na
localized_1a_pinknoise_N_2.wav,2,1,n,IndoorPre,pink,1a.1,24,20,100.3,40,102.4,40,n,na,na
localized_1a_pinknoise_N_2.wav,2,1,n,IndoorPre,pink,1a.1,24,21,102.1,175,104.8,175,n,na,na
localized_1a_pinknoise_N_2.wav,2,1,n,IndoorPre,pink,1a.1,24,22,105.7,165,109,175,y,165,0
localized_1a_pinknoise_N_2.wav,2,1,n,IndoorPre,pink,1a.1,24,23,107.1,45,109.4,35,n,na,na
localized_1a_pinknoise_N_2.wav,2,1,n,IndoorPre,pink,1a.1,24,24,107.5,-5,109.6,-5,n,na,na
localized_1a_pinknoise_N_2.wav,2,1,n,IndoorPre,pink,1a.1,24,25,107.7,-115,109.8,-115,n,na,na
localized_1a_pinknoise_N_2.wav,2,1,n,IndoorPre,pink,1a.1,24,26,107.9,-55,110,-55,n,na,na
localized_1a_pinknoise_N_2.wav,2,1,n,IndoorPre,pink,1a.1,24,27,108.1,155,110.4,150,n,na,na
localized_1a_pinknoise_N_2.wav,2,1,n,IndoorPre,pink,1a.1,24,28,108.5,-30,115.4,20,n,na,na
localized_1a_pinknoise_N_2.wav,2,1,n,IndoorPre,pink,1a.1,24,29,108.9,-55,111.2,-45,n,na,na
localized_1a_pinknoise_N_2.wav,2,1,n,IndoorPre,pink,1a.1,24,30,125.9,15,131,25,n,na,na
localized_1a_pinknoise_N_2.wav,2,1,n,IndoorPre,pink,1a.1,24,31,127.5,-150,130.2,-150,n,na,na
localized_1a_pinknoise_N_2.wav,2,1,n,IndoorPre,pink,1a.1,24,32,131.7,30,134.6,30,n,na,na
localized_1a_pinknoise_N_2.wav,2,1,n,IndoorPre,pink,1a.1,24,33,132.7,10,135.2,0,n,na,na
localized_1a_pinknoise_N_2.wav,2,1,n,IndoorPre,pink,1a.1,24,34,133.3,-25,135.8,-35,n,na,na
localized_1a_pinknoise_N_2.wav,2,1,n,IndoorPre,pink,1a.1,24,35,133.9,-85,136.4,-95,n,na,na
localized_1a_pinknoise_N_2.wav,2,1,n,IndoorPre,pink,1a.1,24,36,134.1,-105,138,-150,n,na,na
localized_1a_pinknoise_N_2.wav,2,1,n,IndoorPre,pink,1a.1,24,37,136.1,-170,138.8,-175,n,na,na
localized_1a_pinknoise_N_2.wav,2,1,n,IndoorPre,pink,1a.1,24,38,137.3,-130,138.8,-130,n,na,na
localized_1b_bird_N_2.wav,2,1,n,IndoorPre,bird,1b,24,0,16.1,-150,21.2,-145,y,-150,0
localized_1b_bird_N_2.wav,2,1,n,IndoorPre,bird,1b,24,1,18.3,30,20.4,30,n,na,na
localized_1b_bird_N_2.wav,2,1,n,IndoorPre,bird,1b,24,2,24.1,80,26.2,80,n,na,na
localized_1b_bird_N_2.wav,2,1,n,IndoorPre,bird,1b,24,3,30.5,-145,39.2,-115,y,-150,5
localized_1b_bird_N_2.wav,2,1,n,IndoorPre,bird,1b,24,4,35.9,0,38,0,n,na,na
localized_1b_bird_N_2.wav,2,1,n,IndoorPre,bird,1b,24,5,37.3,-90,42.4,-45,n,na,na
localized_1b_bird_N_2.wav,2,1,n,IndoorPre,bird,1b,24,6,38.5,-50,40.6,-50,n,na,na
localized_1b_bird_N_2.wav,2,1,n,IndoorPre,bird,1b,24,7,41.7,90,43.8,90,n,na,na
localized_1b_bird_N_2.wav,2,1,n,IndoorPre,bird,1b,24,8,45.3,95,47.4,95,n,na,na
localized_1b_bird_N_2.wav,2,1,n,IndoorPre,bird,1b,24,9,45.5,-55,51.6,-60,y,-60,5
localized_1b_bird_N_2.wav,2,1,n,IndoorPre,bird,1b,24,10,50.3,-65,56,-5,n,na,na
localized_1b_bird_N_2.wav,2,1,n,IndoorPre,bird,1b,24,11,58.9,-65,61,-65,n,na,na
localized_1b_bird_N_2.wav,2,1,n,IndoorPre,bird,1b,24,12,60.5,-10,70,25,y,-15,5
localized_1b_bird_N_2.wav,2,1,n,IndoorPre,bird,1b,24,13,64.5,95,66.6,95,n,na,na
localized_1b_bird_N_2.wav,2,1,n,IndoorPre,bird,1b,24,14,67.1,30,69.2,30,n,na,na
localized_1b_bird_N_2.wav,2,1,n,IndoorPre,bird,1b,24,15,71.1,-85,73.2,-85,n,na,na
localized_1b_bird_N_2.wav,2,1,n,IndoorPre,bird,1b,24,16,75.5,30,81.4,30,y,30,0
localized_1b_bird_N_2.wav,2,1,n,IndoorPre,bird,1b,24,17,80.7,20,84.6,60,n,na,na
localized_1b_bird_N_2.wav,2,1,n,IndoorPre,bird,1b,24,18,82.7,80,86.8,120,n,na,na
localized_1b_bird_N_2.wav,2,1,n,IndoorPre,bird,1b,24,19,86.7,115,88.8,115,n,na,na
localized_1b_bird_N_2.wav,2,1,n,IndoorPre,bird,1b,24,20,88.1,-80,90.2,-80,n,na,na
localized_1b_bird_N_2.wav,2,1,n,IndoorPre,bird,1b,24,21,90.9,120,100.8,160,y,120,0
localized_1b_bird_N_2.wav,2,1,n,IndoorPre,bird,1b,24,22,97.1,155,99.2,155,n,na,na
localized_1b_bird_N_2.wav,2,1,n,IndoorPre,bird,1b,24,23,105.7,165,109.4,175,y,165,0
localized_1b_bird_N_2.wav,2,1,n,IndoorPre,bird,1b,24,24,107.5,-40,109.6,-40,n,na,na
localized_1b_bird_N_2.wav,2,1,n,IndoorPre,bird,1b,24,25,107.7,-140,110.2,-110,n,na,na
localized_1b_bird_N_2.wav,2,1,n,IndoorPre,bird,1b,24,26,108.3,155,110.4,155,n,na,na
localized_1b_bird_N_2.wav,2,1,n,IndoorPre,bird,1b,24,27,108.5,-60,110.6,-60,n,na,na
localized_1b_bird_N_2.wav,2,1,n,IndoorPre,bird,1b,24,28,108.7,-30,114,-25,n,na,na
localized_1b_bird_N_2.wav,2,1,n,IndoorPre,bird,1b,24,29,112.7,-10,117,15,n,na,na
localized_1b_bird_N_2.wav,2,1,n,IndoorPre,bird,1b,24,30,115.3,90,117.6,70,n,na,na
localized_1b_bird_N_2.wav,2,1,n,IndoorPre,bird,1b,24,31,125.3,0,131.2,25,n,na,na
localized_1b_bird_N_2.wav,2,1,n,IndoorPre,bird,1b,24,32,126.1,30,128.4,30,n,na,na
localized_1b_bird_N_2.wav,2,1,n,IndoorPre,bird,1b,24,33,126.9,-150,129.6,-150,n,na,na
localized_1b_bird_N_2.wav,2,1,n,IndoorPre,bird,1b,24,34,127.7,-40,129.8,-40,n,na,na
localized_1b_bird_N_2.wav,2,1,n,IndoorPre,bird,1b,24,35,131.9,-150,134,-150,n,na,na
localized_1b_bird_N_2.wav,2,1,n,IndoorPre,bird,1b,24,36,132.1,30,136.6,5,n,na,na
localized_1b_bird_N_2.wav,2,1,n,IndoorPre,bird,1b,24,37,134.7,-30,137.2,-30,n,na,na
localized_1b_bird_N_2.wav,2,1,n,IndoorPre,bird,1b,24,38,135.3,-70,137.8,-75,n,na,na
localized_1b_bird_N_2.wav,2,1,n,IndoorPre,bird,1b,24,39,135.5,-100,142.4,-175,n,na,na
localized_1b_bird_N_2.wav,2,1,n,IndoorPre,bird,1b,24,40,139.3,-140,141.4,-140,n,na,na
localized_1b_bird_N_2.wav,2,1,n,IndoorPre,bird,1b,24,41,140.5,-70,143.6,-75,n,na,na
localized_3a_pinknoise_Y_3.wav,3,1,y,IndoorPre,pink,3a,24,0,10.5,-45,12.6,-45,n,na,na
localized_5a_pinknoise_Y_2.wav,2,1,y,IndoorPre,pink,5a,24,0,11.5,100,13.6,100,n,na,na
localized_5a_pinknoise_Y_2.wav,2,1,y,IndoorPre,pink,5a,24,1,16.5,-145,20.2,-145,y,-150,5
localized_5a_pinknoise_Y_2.wav,2,1,y,IndoorPre,pink,5a,24,2,17.9,25,20,25,n,na,na
localized_5a_pinknoise_Y_2.wav,2,1,y,IndoorPre,pink,5a,24,3,30.3,-145,35.4,-145,y,-150,5
localized_5a_pinknoise_Y_2.wav,2,1,y,IndoorPre,pink,5a,24,4,41.9,-50,44,-50,n,na,na
localized_5a_pinknoise_Y_2.wav,2,1,y,IndoorPre,pink,5a,24,5,45.1,-60,50.2,-60,y,-60,0
localized_5a_pinknoise_Y_2.wav,2,1,y,IndoorPre,pink,5a,24,6,60.5,-15,65.6,-15,y,-15,0
localized_5a_pinknoise_Y_2.wav,2,1,y,IndoorPre,pink,5a,24,7,65.9,5,68,5,n,na,na
localized_5a_pinknoise_Y_2.wav,2,1,y,IndoorPre,pink,5a,24,8,75.1,25,80.2,25,y,30,-5
localized_5a_pinknoise_Y_2.wav,2,1,y,IndoorPre,pink,5a,24,9,81.7,80,83.8,80,n,na,na
localized_5a_pinknoise_Y_2.wav,2,1,y,IndoorPre,pink,5a,24,10,89.9,120,95,120,y,120,0
localized_5a_pinknoise_Y_2.wav,2,1,y,IndoorPre,pink,5a,24,11,105.3,175,108.8,170,y,165,10
localized_5a_pinknoise_Y_2.wav,2,1,y,IndoorPre,pink,5a,24,12,107.1,0,110.4,-10,n,na,na
localized_5a_pinknoise_Y_2.wav,2,1,y,IndoorPre,pink,5a,24,13,109.3,-25,111.4,-25,n,na,na
localized_5a_pinknoise_Y_2.wav,2,1,y,IndoorPre,pink,5a,24,14,126.1,25,130.4,30,n,na,na
localized_5a_pinknoise_Y_2.wav,2,1,y,IndoorPre,pink,5a,24,15,131.7,15,134.6,15,n,na,na
localized_5a_pinknoise_Y_2.wav,2,1,y,IndoorPre,pink,5a,24,16,133.3,30,135.4,30,n,na,na
localized_5a_pinknoise_Y_2.wav,2,1,y,IndoorPre,pink,5a,24,17,134.5,-35,136.6,-35,n,na,na
localized_5a_pinknoise_Y_2.wav,2,1,y,IndoorPre,pink,5a,24,18,135.5,-115,137.6,-115,n,na,na
localized_5a_pinknoise_Y_2.wav,2,1,y,IndoorPre,pink,5a,24,19,137.5,70,139.6,70,n,na,na
localized_5b_bird_Y_2.wav,2,1,y,IndoorPre,bird,5b,24,0,17.1,-145,20.4,-145,y,-150,5
localized_5b_bird_Y_2.wav,2,1,y,IndoorPre,bird,5b,24,1,18.5,25,20.8,25,n,na,na
localized_5b_bird_Y_2.wav,2,1,y,IndoorPre,bird,5b,24,2,19.1,-145,21.2,-145,n,na,na
localized_5b_bird_Y_2.wav,2,1,y,IndoorPre,bird,5b,24,3,30.9,-140,36.8,-145,y,-150,10
localized_5b_bird_Y_2.wav,2,1,y,IndoorPre,bird,5b,24,4,38.7,-80,40.8,-80,n,na,na
localized_5b_bird_Y_2.wav,2,1,y,IndoorPre,bird,5b,24,5,45.9,-60,51.4,-60,y,-60,0
localized_5b_bird_Y_2.wav,2,1,y,IndoorPre,bird,5b,24,6,49.5,-170,51.6,-170,n,na,na
localized_5b_bird_Y_2.wav,2,1,y,IndoorPre,bird,5b,24,7,60.9,-25,66.6,-20,y,-15,-10
localized_5b_bird_Y_2.wav,2,1,y,IndoorPre,bird,5b,24,8,66.7,-25,68.8,-25,n,na,na
localized_5b_bird_Y_2.wav,2,1,y,IndoorPre,bird,5b,24,9,75.7,25,81.6,25,y,30,-5
localized_5b_bird_Y_2.wav,2,1,y,IndoorPre,bird,5b,24,10,91.1,125,97,120,y,120,5
localized_5b_bird_Y_2.wav,2,1,y,IndoorPre,bird,5b,24,11,106.1,175,109.4,175,y,165,10
localized_5b_bird_Y_2.wav,2,1,y,IndoorPre,bird,5b,24,12,107.5,-40,109.6,-40,n,na,na
localized_5b_bird_Y_2.wav,2,1,y,IndoorPre,bird,5b,24,13,108.3,-5,111.2,-10,n,na,na
localized_5b_bird_Y_2.wav,2,1,y,IndoorPre,bird,5b,24,14,127.1,20,131.4,25,n,na,na
localized_5b_bird_Y_2.wav,2,1,y,IndoorPre,bird,5b,24,15,131.9,15,134.6,20,n,na,na
localized_5b_bird_Y_2.wav,2,1,y,IndoorPre,bird,5b,24,16,136.1,-85,138.2,-85,n,na,na
localized_7a_pinknoise_N_3.wav,3,1,n,IndoorPre,pink,7a,24,0,15.7,-145,20.8,-150,y,-150,5
localized_7a_pinknoise_N_3.wav,3,1,n,IndoorPre,pink,7a,24,1,30.5,-150,35.6,-150,y,-150,0
localized_7a_pinknoise_N_3.wav,3,1,n,IndoorPre,pink,7a,24,2,35.5,-150,37.6,-150,n,na,na
localized_7a_pinknoise_N_3.wav,3,1,n,IndoorPre,pink,7a,24,3,35.9,-120,38.4,-125,n,na,na
localized_7a_pinknoise_N_3.wav,3,1,n,IndoorPre,pink,7a,24,4,36.7,-90,39,-100,n,na,na
localized_7a_pinknoise_N_3.wav,3,1,n,IndoorPre,pink,7a,24,5,37.3,-75,39.8,-75,n,na,na
localized_7a_pinknoise_N_3.wav,3,1,n,IndoorPre,pink,7a,24,6,37.9,-55,40,-55,n,na,na
localized_7a_pinknoise_N_3.wav,3,1,n,IndoorPre,pink,7a,24,7,38.7,-160,40.8,-160,n,na,na
localized_7a_pinknoise_N_3.wav,3,1,n,IndoorPre,pink,7a,24,8,39.3,-75,41.4,-75,n,na,na
localized_7a_pinknoise_N_3.wav,3,1,n,IndoorPre,pink,7a,24,9,39.7,-50,42.2,-50,n,na,na
localized_7a_pinknoise_N_3.wav,3,1,n,IndoorPre,pink,7a,24,10,39.9,40,42,40,n,na,na
localized_7a_pinknoise_N_3.wav,3,1,n,IndoorPre,pink,7a,24,11,45.3,-60,50.4,-60,y,-60,0
localized_7a_pinknoise_N_3.wav,3,1,n,IndoorPre,pink,7a,24,12,49.3,-65,51.4,-65,n,na,na
localized_7a_pinknoise_N_3.wav,3,1,n,IndoorPre,pink,7a,24,13,49.7,-35,52.2,-45,n,na,na
localized_7a_pinknoise_N_3.wav,3,1,n,IndoorPre,pink,7a,24,14,50.7,-10,52.8,-10,n,na,na
localized_7a_pinknoise_N_3.wav,3,1,n,IndoorPre,pink,7a,24,15,50.9,-30,53,-30,n,na,na
localized_7a_pinknoise_N_3.wav,3,1,n,IndoorPre,pink,7a,24,16,51.7,-15,54.2,-5,n,na,na
localized_7a_pinknoise_N_3.wav,3,1,n,IndoorPre,pink,7a,24,17,60.5,-10,65.6,-10,y,-15,5
localized_7a_pinknoise_N_3.wav,3,1,n,IndoorPre,pink,7a,24,18,63.7,-145,65.8,-145,n,na,na
localized_7a_pinknoise_N_3.wav,3,1,n,IndoorPre,pink,7a,24,19,64.3,-5,66.4,-5,n,na,na
localized_7a_pinknoise_N_3.wav,3,1,n,IndoorPre,pink,7a,24,20,65.7,5,68.8,25,n,na,na
localized_7a_pinknoise_N_3.wav,3,1,n,IndoorPre,pink,7a,24,21,67.9,35,70.6,35,n,na,na
localized_7a_pinknoise_N_3.wav,3,1,n,IndoorPre,pink,7a,24,22,75.3,30,80.4,30,y,30,0
localized_7a_pinknoise_N_3.wav,3,1,n,IndoorPre,pink,7a,24,23,79.1,30,81.2,30,n,na,na
localized_7a_pinknoise_N_3.wav,3,1,n,IndoorPre,pink,7a,24,24,80.9,45,83,45,n,na,na
localized_7a_pinknoise_N_3.wav,3,1,n,IndoorPre,pink,7a,24,25,81.1,20,83.2,20,n,na,na
localized_7a_pinknoise_N_3.wav,3,1,n,IndoorPre,pink,7a,24,26,81.5,70,83.8,65,n,na,na
localized_7a_pinknoise_N_3.wav,3,1,n,IndoorPre,pink,7a,24,27,82.1,95,84.4,90,n,na,na
localized_7a_pinknoise_N_3.wav,3,1,n,IndoorPre,pink,7a,24,28,82.9,-115,85,-115,n,na,na
localized_7a_pinknoise_N_3.wav,3,1,n,IndoorPre,pink,7a,24,29,83.1,105,86.6,115,n,na,na
localized_7a_pinknoise_N_3.wav,3,1,n,IndoorPre,pink,7a,24,30,90.1,115,95.2,115,y,120,-5
localized_7a_pinknoise_N_3.wav,3,1,n,IndoorPre,pink,7a,24,31,93.9,115,96.2,115,n,na,na
localized_7a_pinknoise_N_3.wav,3,1,n,IndoorPre,pink,7a,24,32,95.1,120,97.2,120,n,na,na
localized_7a_pinknoise_N_3.wav,3,1,n,IndoorPre,pink,7a,24,33,96.1,-20,98.2,-20,n,na,na
localized_7a_pinknoise_N_3.wav,3,1,n,IndoorPre,pink,7a,24,34,96.9,155,99.4,160,n,na,na
localized_7a_pinknoise_N_3.wav,3,1,n,IndoorPre,pink,7a,24,35,105.3,165,108.6,160,y,165,0
localized_7a_pinknoise_N_3.wav,3,1,n,IndoorPre,pink,7a,24,36,106.7,-35,109,-25,n,na,na
localized_7a_pinknoise_N_3.wav,3,1,n,IndoorPre,pink,7a,24,37,107.1,120,109.2,120,n,na,na
localized_7a_pinknoise_N_3.wav,3,1,n,IndoorPre,pink,7a,24,38,107.3,5,109.4,5,n,na,na
localized_7a_pinknoise_N_3.wav,3,1,n,IndoorPre,pink,7a,24,39,107.5,-150,109.8,-140,n,na,na
localized_7a_pinknoise_N_3.wav,3,1,n,IndoorPre,pink,7a,24,40,107.9,125,110,125,n,na,na
localized_7a_pinknoise_N_3.wav,3,1,n,IndoorPre,pink,7a,24,41,108.1,5,111.2,10,n,na,na
localized_7a_pinknoise_N_3.wav,3,1,n,IndoorPre,pink,7a,24,42,108.7,15,110.8,15,n,na,na
localized_7a_pinknoise_N_3.wav,3,1,n,IndoorPre,pink,7a,24,43,109.9,10,113.6,35,n,na,na
localized_7a_pinknoise_N_3.wav,3,1,n,IndoorPre,pink,7a,24,44,126.1,30,130.6,30,n,na,na
localized_7a_pinknoise_N_3.wav,3,1,n,IndoorPre,pink,7a,24,45,126.5,-150,129.2,-150,n,na,na
localized_7a_pinknoise_N_3.wav,3,1,n,IndoorPre,pink,7a,24,46,130.9,30,136.2,-25,n,na,na
localized_7a_pinknoise_N_3.wav,3,1,n,IndoorPre,pink,7a,24,47,131.1,-150,133.2,-150,n,na,na
localized_7a_pinknoise_N_3.wav,3,1,n,IndoorPre,pink,7a,24,48,134.3,-70,137.6,-115,n,na,na
localized_7a_pinknoise_N_3.wav,3,1,n,IndoorPre,pink,7a,24,49,134.5,-100,136.6,-100,n,na,na
localized_7a_pinknoise_N_3.wav,3,1,n,IndoorPre,pink,7a,24,50,135.7,-135,138.6,-135,n,na,na
localized_7a_pinknoise_N_3.wav,3,1,n,IndoorPre,pink,7a,24,51,135.9,-25,138,-25,n,na,na
localized_7a_pinknoise_N_3.wav,3,1,n,IndoorPre,pink,7a,24,52,137.5,-145,139.6,-145,n,na,na
localized_7a_pinknoise_N_3.wav,3,1,n,IndoorPre,pink,7a,24,53,137.9,-165,140,-165,n,na,na
